Frequency (Hz),0.000178132,0.000120151,0.000405243,0.000358915,0.000318817,0.000283153,0.000245202,0.000207705,0.000172081,0.000137223,0.000105627,7.63e-05,5.1e-05,2.93e-05,1.18e-05,-1.55e-06,-1.08e-05,-1.62e-05,-1.81e-05,-1.67e-05,-1.29e-05,-6.84e-06,7.11e-07,9.46e-06,1.88e-05,2.85e-05,3.81e-05,4.75e-05,5.64e-05,6.5e-05,7.29e-05,8.03e-05,8.73e-05,9.37e-05,9.97e-05,0.000105309,0.000110482,0.00011524,0.000119536,0.000123346,0.000126609,0.000129298,0.000131364,0.000132807,0.000133622,0.000133853,0.000133551,0.000132807.1,0.000131718,0.000130408,0.00012899,0.000127589,0.000126307,0.000125237,0.000124441,0.000123963,0.000123813,0.000123985,0.000124448,0.000125161,0.000126075,0.000127147,0.000128337,0.000129625,0.000131007,0.0001325,0.000134142,0.000135987,0.000138103,0.000140562,0.000143437,0.000146791,0.000150671,0.000155105,0.000160098,0.00016563,0.000171661,0.000178132.1,0.000184977,0.000192127,0.000199523,0.000207121,0.000214908,0.000222901,0.000231158,0.000239772,0.000248876,0.000258627,0.000269208,0.000280805,0.000293598,0.000307743,0.00032336,0.000340508,0.00035919,0.000379324,0.000400757,0.000423247,0.000446486,0.000470088,0.000493628,0.000516629,0.000538616,0.000559103,0.00057765,0.000593847,0.000607378,0.00061798,0.000625526,0.000629954,0.000631356,0.000629882,0.000625838,0.000619558,0.000611519,0.000602176,0.000592112,0.000581819,0.000571902,0.000562794,0.000555044,0.000548941,0.000544907,0.000543019,0.000543529,0.000546257,0.000551271,0.000558127,0.000566717,0.000576368,0.000586821,0.000597251,0.000607287,0.000616065,0.000623135,0.000627743,0.000629378,0.000627563,0.000621724,0.000611805,0.000597184,0.000578263,0.000554501,0.000526526,0.000494328,0.000457944,0.000419111,0.000375307,0.000332701,0.000282421,0.00023939,0.000185662
1.0,25.919847217280466,30.009016198345492,29.760830590543762,29.625485047648752,29.582769871239943,29.62030359394152,29.77109706429385,29.998147617713883,30.2860015279606,30.63645657359878,31.00535759484483,31.40362850703641,31.794231448360417,32.18455658661157,32.553080304918424,32.90340380907,33.2261413325496,33.52332105917054,33.79282104999259,34.036657028491085,34.25642000874333,34.45464911210888,34.63436648943319,34.79838627804446,34.94965510985922,35.090608557142204,35.223150039537586,35.348713205372334,35.467749295135576,35.580486327064726,35.6861150873383,35.78397241455248,35.87260359097672,35.95106609418994,36.01796705355409,36.072668375113956,36.114349168745655,36.14300660861947,36.158573560444204,36.161695976108035,36.15291255435836,36.13324229130163,36.10342576902581,36.0643804440179,36.01652676217175,35.96018199564524,35.89500860160203,35.820422622952826,35.735188211787765,35.63787512704084,35.52658392224979,35.399431066693964,35.2543503011068,35.08954830827779,34.90333115378935,34.69446568160815,34.46200474109256,34.20554032426744,33.925000462808775,33.62082085443847,33.293688518683865,32.94467094402443,32.57493588220906,32.18583973331176,31.77869095324249,31.35480962591403,30.91540332147484,30.461680845033943,29.99487448467581,29.516533913204107,29.028737765309852,28.5346840637963,28.039192824071275,27.549584860699085,27.076395964627025,26.63413421383578,26.24136362622513,25.919847217280466,25.69204971317122,25.577224050947365,25.58685566194729,25.72154748690469,25.970702449056947,26.315397351562066,26.732706284947916,27.199878534535795,27.696913503471755,28.2077735001958,28.72028096461257,29.225662047572236,29.717715967162373,30.19224578038678,30.64642165256138,31.078512008621736,31.48749846078453,31.87305654115635,32.23530092160236,32.57488835412986,32.89279162987282,33.190416034969424,33.46934997700948,33.73146073235851,33.97859329958027,34.2126576820459,34.43528068249246,34.64792466480637,34.851539223421206,35.04675760615922,35.233596420179694,35.41175117968813,35.58035626819803,35.7383726475392,35.8843750510352,36.01700087608319,36.13470136122507,36.23622894273736,36.320307001146105,36.3861473296923,36.43300855820482,36.46075880398169,36.469299027556595,36.459192843003535,36.43093914536002,36.38567625365611,36.32430847828459,36.24827378230675,36.15857051611715,36.056546455783646,35.94294442711299,35.818631365136945,35.683839668072785,35.53872721901572,35.38296061466318,35.216070440886625,35.03727862218251,34.84594040856233,34.64091739862914,34.422224978627185,34.188067785290315,33.94040322961587,33.67575956171215,33.39987364567448,33.10575829878667,32.80523716441812,32.48580998207142,32.16702347797278,31.83139247044171,31.503174062970004,31.169604095052662,30.844301815836552,30.542742621636418,30.259094723750625
1.25,29.281768888727832,32.72925594314188,33.27551990259891,33.137292422854934,33.05232243194821,32.999576379492915,33.0194894497128,33.07705265852925,33.16818166080878,33.306891928773446,33.45317080557396,33.63502350010391,33.8100168803938,33.999753854841984,34.17296893662374,34.34157089409227,34.48672332117902,34.6137509698615,34.71335577028884,34.7879579909137,34.83459876043498,34.85528918499476,34.850967906727234,34.824405376437284,34.7786612447823,34.71732494455166,34.64407803638864,34.56256972684851,34.47570521109948,34.38610224624458,34.29486113659064,34.20285428124202,34.109214328162246,34.01329696201134,33.913126874639005,33.807656259855506,33.69524268068262,33.57583488640505,33.449444764535,33.31801701263657,33.18381679156861,33.05084159297205,32.923053294458825,32.805277085088576,32.70134404203796,32.61465489122688,32.546586053165484,32.497176184358054,32.46421678693671,32.44434253338887,32.43281385236043,32.42474379594955,32.415136247637875,32.39980316229379,32.37528011287339,32.33926252086747,32.29033304566869,32.22800994099073,32.15238519424333,32.063974475380085,31.96339558514802,31.85120959592443,31.72776369386536,31.593154991132117,31.44730916493541,31.290091657994612,31.121582444993447,30.942278659436724,30.7534264435221,30.557198178087535,30.35690159896539,30.156975115452248,29.962889867371587,29.78076172608709,29.616822979214326,29.47662851101019,29.36429711525755,29.281768888727832,29.228465705708906,29.201279549847573,29.19508592935022,29.20348736552181,29.219780190652187,29.237787367299383,29.25261625108511,29.261079312890757,29.261974634722012,29.25601440381636,29.245649024145727,29.234564463354506,29.22714434738249,29.227702598591236,29.2398700737842,29.266005573863513,29.307009270029422,29.362392038419433,29.43075318904739,29.51044257534114,29.60028809253671,29.700279989694913,29.811887509153937,29.938233547818456,30.083590378443567,30.25289951798189,30.450509781612972,30.67948744094562,30.940340151186355,31.231066560296675,31.546703232887516,31.880507035759614,32.22416429804375,32.56942145939499,32.908121506093735,33.23357082319064,33.539996445788574,33.82357542022745,34.08144129142561,34.312608374024975,34.51670426550034,34.69497871980455,34.84882295692248,34.98093260140065,35.0936134404,35.19009909199934,35.272683646059065,35.34416867965767,35.405976615249905,35.459669945637636,35.50531726503985,35.54291275308119,35.57129163819707,35.589176046601224,35.59478496733797,35.58632141006469,35.562062020062314,35.520624807833315,35.46057710438626,35.38196261958115,35.283097363850985,35.16667425521578,35.02933663673038,34.87805310334062,34.70573951529107,34.525451654585495,34.32478205359177,34.12332531318304,33.905301599980994,33.69154087476076,33.4746535558677,33.25930344144995,33.06817759011271,32.88811712398361
1.6,28.769689300891255,28.05363923108945,29.943889155560047,29.716812590786624,29.555695958162183,29.442755974278793,29.423420470005265,29.45709038634995,29.54065093202315,29.677752657913757,29.82714222634631,30.00822399735413,30.177481413371705,30.351779704135442,30.499927158709493,30.632091595105457,30.730149207617842,30.799052717913984,30.83005515604419,30.82530642141554,30.78166916763838,30.70026637642283,30.58082843217428,30.424319749780505,30.231514114436084,30.003314577540493,29.740260123866985,29.442773135098058,29.11020090016828,28.74185595749907,28.335242422926452,27.8880325954187,27.395663565257642,26.854055623026486,26.256948818467755,25.59917956376043,24.874313313379407,24.078872613543055,23.21156942719769,22.280716075736194,21.308976181241984,20.348969530947365,19.494829766535727,18.885287251967767,18.658397491360603,18.868813765167772,19.444935869781588,20.2445963421197,21.1368691371864,22.035230300663947,22.894083906863894,23.692670759025013,24.424459517420566,25.08897689857171,25.68891609328755,26.227525610546,26.70834434319498,27.134394624304043,27.508538100321424,27.833201361827467,28.110822250638513,28.343726868007664,28.53449330986721,28.685889504460953,28.80109638437174,28.88365737234828,28.937547880259423,28.96706933419796,28.97677360462266,28.9712655908817,28.954993464651878,28.931983944892885,28.90557681115422,28.878208322947852,28.85123222843162,28.82488139828196,28.798293089885174,28.769689300891255,28.73657638390692,28.696050872610734,28.64504607303807,28.580627629497094,28.500183854685993,28.401629882185105,28.283506403918956,28.145082434339006,27.98636154846857,27.808078153753616,27.611604528043685,27.3988297345992,27.171963670315925,26.933289735087488,26.68493244585923,26.42855448719555,26.16526092646836,25.895427555087668,25.6189683361314,25.335440656111285,25.044817737271504,24.747864525711428,24.44733628659428,24.148369275370023,23.859719955251162,23.593454010627937,23.365191015642264,23.19175922295765,23.08921608367328,23.068511346567515,23.13323484110233,23.277611613141012,23.48825602072104,23.74671745614738,24.033280332329806,24.32983504127314,24.621440652273083,24.897459390119202,25.150814162685904,25.378570718422054,25.580095081810565,25.758069461862885,25.915948297107168,26.059651874092967,26.194226973635246,26.326234086683762,26.45966408498917,26.599105084888777,26.74542517043954,26.89965650817753,27.05924592286657,27.22197702762984,27.38346424745657,27.539885416576265,27.68713175498515,27.82145997163375,27.940199927330355,28.040870772932198,28.121893326399192,28.183195343102856,28.222528609603522,28.24413476575668,28.24226295430543,28.228507990906152,28.190424705119476,28.150287416772844,28.08734166912547,28.034789989227974,27.968230441487506,27.921566377307986,27.885657736646287,27.866466471316755,27.90031536876451,27.955860846321553
2.0,27.999242552642265,40.15526846526336,41.45730198866214,40.866317934592175,40.326254012241606,39.84101057224614,39.497523921764895,39.27095956032156,39.18062924190575,39.229779062038105,39.3606883284982,39.577036143766875,39.8094845691667,40.05906129949126,40.280724544963164,40.475078099951716,40.62117492289306,40.719408097473405,40.76297347604057,40.75212158677147,40.68621611070844,40.56533072111853,40.39010994445765,40.159891163770595,39.87364542149842,39.52883827691183,39.12074147993815,38.643349664200024,38.086384542890826,37.43802255829246,36.67950474366161,35.78844597808579,34.73039201367143,33.45990593165073,31.90553106350937,29.961563994836155,27.462542402247728,24.24709498180666,21.07400526954988,21.80342732006573,25.29859189604311,28.37198778123453,30.757854406407464,32.641597785855716,34.1707686106773,35.43943835669454,36.50948168198346,37.42203292546081,38.20617331223135,38.88242690324943,39.46610624951795,39.96839359384105,40.39785113340852,40.76081765598541,41.06212689002585,41.30531952572216,41.492954927188,41.62674953262318,41.70769049277945,41.73612042038704,41.711743955540655,41.63367600680809,41.500371352287544,41.30964843058831,41.05856157795782,40.743362190383635,40.359313300083315,39.90054034050783,39.359709780369464,38.727689947735925,37.992881159084234,37.14048053365999,36.15113015550734,34.999306958563096,33.65102580050055,32.06229547467859,30.183798854569957,27.999242552642265,25.70912678355862,24.235069985758777,24.825100031398986,26.816154111640817,28.957154141857092,30.839886147599742,32.436749114782764,33.79557515535244,34.96550408464638,35.98484189448415,36.88139027637518,37.67487619871868,38.37905794874965,39.0034378051637,39.55448915413201,40.03660420712996,40.45275294023124,40.80500524094653,41.094879973412276,41.323610804546796,41.4923404980782,41.602212465275734,41.65450288281352,41.65058702070449,41.59204801418441,41.480518053639024,41.31777164590652,41.10540699709932,40.844926950516836,40.537202000202576,40.18254767508559,39.77994076261067,39.32714221561004,38.81964852139133,38.250936159835476,37.611047391240696,36.886964819904854,36.060491863035644,35.10848018292026,33.99929941814699,32.69280817239975,31.136645708496467,29.27756365865899,27.114208184949597,24.956945547588944,23.963827690752257,25.11472582610446,27.303671208718818,29.44357918142805,31.271789761451544,32.79460721018198,34.0669983284177,35.136966644515454,36.04318005579061,36.814137674098156,37.471206688106584,38.030889997154944,38.50532635464467,38.90387457271279,39.234779505106985,39.50198599832197,39.71429234651548,39.870139664686135,39.98341063303276,40.04601480384266,40.081120279058446,40.07373136919077,40.05752893767298,40.01476865381947,39.981341911920765,39.952454232191286,39.94028919898931,39.97861683700675,40.044606021221284
2.5,33.09022388240752,37.110584790479535,39.48117312681078,38.863164415720824,38.256047369364055,37.65108132210091,37.12636777397605,36.65968128358133,36.28622352037309,36.02597981074081,35.84577077294833,35.76364856137458,35.71415661616841,35.69802639744863,35.65920923848481,35.59070341367971,35.46004098793556,35.25960548074248,34.975412961043844,34.60179929809528,34.13575561540593,33.57557405133456,32.92561078448389,32.19168925651424,31.387080997033102,30.532047496510554,29.656285982602,28.805348035975644,28.035191854133913,27.41814216998982,27.019453411327326,26.888231241379856,27.028949710818612,27.406233591866723,27.9562846900019,28.60911802500659,29.304590991931178,29.99505789493268,30.648529819691767,31.242417431846235,31.764276104821285,32.206364310616195,32.566798120661204,32.846065001057774,33.04830101241723,33.17914153522348,33.246723189562445,33.26020295049825,33.23020594205717,33.16754821718882,33.08300313178353,32.986184558180355,32.88501090870183,32.78527765934463,32.69056765716154,32.60291037175562,32.52326893190233,32.452699936198265,32.392595061085665,32.34527109487681,32.31328231117705,32.29908981298873,32.30383236947263,32.32689810778078,32.36537823629402,32.41460293368802,32.46883265426055,32.52256421274979,32.571625480795525,32.61415354248441,32.65103138363722,32.68575738824828,32.723692500873376,32.7706614204222,32.831260114593405,32.90710635758203,32.99572196739112,33.09022388240752,33.18010446358632,33.25260619582793,33.294484425611756,33.29356047900031,33.24012497241269,33.128024898442725,32.95580988122453,32.72793171399136,32.456236506344396,32.16133049120035,31.873104564236687,31.628814426674914,31.467070491028373,31.41796187214439,31.49288714186278,31.680526763817195,31.951405713189235,32.26839159180002,32.59624026464192,32.90757882482049,33.18433672873749,33.41734040446009,33.604485502798056,33.74925508723536,33.858879735928475,33.94289328526794,34.011347211315154,34.07315794534405,34.134562851570905,34.1978590012434,34.26119733240784,34.318568800351755,34.36126116916476,34.37847798184086,34.35931676751182,34.29272905830522,34.1691566662667,33.97942025796161,33.71614901751012,33.371831060354914,32.94053148095253,32.41538741008323,31.791256644152813,31.06231190814839,30.227227620904387,29.290136124877403,28.274526488985416,27.23960295116943,26.31239105665629,25.699304430950868,25.609815254611995,26.096094166117897,26.995969307068293,28.084270015573768,29.195974300318483,30.2438466550176,31.193770451547348,32.03320115359411,32.76568894764992,33.39550440666531,33.931289403158914,34.38300933746692,34.75582907166945,35.06683437942061,35.314014543705014,35.52499589495647,35.68884235889482,35.843621450305996,35.97302058022695,36.11432104630731,36.26205677679388,36.42412234035988,36.63183692994688,36.85621189619128
3.15,31.88258920401626,29.680214800273916,37.08960386310683,36.36096538566254,35.578518757702646,34.693457249945816,33.783173731794875,32.792944167788804,31.76958270371681,30.766182142791166,29.80860610752186,29.044036308269018,28.462653952948717,28.160950252633686,28.021382265053823,28.010571963540755,28.000142362698732,27.941564728141685,27.773136230047864,27.469415851894375,27.009353425789364,26.38098032642838,25.580132247670825,24.608529478958214,23.484421290382954,22.25379182190489,21.01342176622761,19.929265080426873,19.206636711746125,18.970450737598817,19.177765531947653,19.65839323457066,20.26846611936834,20.91525478833522,21.571644456508476,22.222772945218875,22.86791103299866,23.494448848603806,24.090381760587526,24.637370480427677,25.121725381486183,25.53208095037652,25.864541729943433,26.121156481203283,26.31183932829296,26.45372812607644,26.57118192251533,26.69402234554347,26.853648691082025,27.077495581349382,27.382354162266104,27.770737123905334,28.231037074019664,28.74247344369536,29.28087056835359,29.82380985040276,30.352935689752645,30.854742167066426,31.319780035828018,31.741807789989597,32.116679999777816,32.44169480465233,32.71500584880509,32.93548921016927,33.10258313231789,33.21652353598075,33.27838535933081,33.2904512643494,33.25627688890029,33.18094860911942,33.070906212692506,32.93376918769966,32.77756059809118,32.609814358937136,32.43616163015564,32.259085165252245,32.07675071311656,31.88258920401626,31.665404853303023,31.41019938957573,31.09911805205649,30.712475077468394,30.229405795282208,29.628437788037616,28.888155561936244,27.98918011621254,26.91996331731477,25.69284140720605,24.383437231103105,23.203308308846804,22.533445799097333,22.687025080266817,23.53999427644679,24.688739038496692,25.827227117109352,26.818512927432344,27.620809594068703,28.231101277353456,28.65919756790635,28.918334015242944,29.021628460067074,28.98185277208643,28.811370480408065,28.523568857863282,28.133485028163804,27.65999425825328,27.12661525494307,26.56361590235735,26.0069726027427,25.496729844123468,25.06964372244112,24.75137095403811,24.547999095174546,24.444852936474884,24.41138073403068,24.409520349412976,24.402066248967177,24.355557775883547,24.243525519038535,24.043549912093116,23.73982779828475,23.319240984235744,22.777302731307717,22.1172319281077,21.364346944891896,20.575941513809145,19.865471516684373,19.399016834589602,19.33697086942216,19.72492955762191,20.454867765513907,21.35906056582099,22.301926823460573,23.203828281281766,24.031914609341428,24.771355119097954,25.425408129089078,25.995115595139637,26.48722346624121,26.908015524981245,27.257490177056166,27.551157743522797,27.778742689030654,27.971993910874346,28.110405447089306,28.243917004419114,28.348076267165233,28.477627927053504,28.62150977718165,28.80386201478782,29.05056369480897,29.336190107071566
4.0,36.18832237215105,45.61953544257931,45.20271476742025,44.01337476356027,42.67365171924737,41.203595805862435,39.63740034896396,37.97976308836286,36.396890428967794,34.96769071739453,33.81452825876805,32.93745354372465,32.169110459923104,31.443110759381053,30.5868649467319,29.69867630367224,28.818778610560862,28.240689519376204,28.08692328522172,28.37999954177173,28.896403321217477,29.47182156029101,30.008390762482545,30.51204914883491,31.01682634477063,31.559476254011017,32.14407699477128,32.73622467987042,33.285418917811675,33.73537311966189,34.04816279495065,34.19604962590407,34.17281950070005,33.982450943650704,33.650563432826594,33.21815283246156,32.75274708766598,32.33673756455116,32.059434775577984,31.984517579099013,32.137589777494725,32.503398288396674,33.04893347668287,33.7324169527409,34.50972413248181,35.33050747400453,36.14359308371133,36.90028236619607,37.56078240845318,38.094347024094056,38.4799966350121,38.70364085008088,38.757405844132684,38.637614787931234,38.345196267325996,37.885519851711614,37.27042787621064,36.51977973404369,35.66401189697408,34.743867653507586,33.80612003747194,32.89230871573829,32.02522337341336,31.20364974510394,30.416305245531902,29.675828295827866,29.061587450456,28.737865880204396,28.88114203253025,29.523012468485415,30.503718571752543,31.606663715220115,32.677398822424934,33.639001865278345,34.46544353085303,35.15680245486272,35.725315505869716,36.18832237215105,36.56542372861241,36.87718320920598,37.14484647373348,37.38957000969143,37.631224812381426,37.88585020483951,38.16291227058019,38.4627925091035,38.776445032484276,39.0869878105852,39.373240215733105,39.61322834133698,39.78729623639647,39.87975864018625,39.87995869585728,39.78244957475206,39.58733696388944,39.30030966078039,38.93308577067533,38.50332744236664,38.03450892335667,37.55433501871692,37.09245666686995,36.67643649403981,36.328199715487564,36.06046200663389,35.875720731957585,35.76550751346305,35.711784474663546,35.68776281941261,35.66080436100592,35.594749390124335,35.453567821859636,35.20356444733589,34.81621736716026,34.270521019717364,33.558637044565465,32.69591473320976,31.741660201950243,30.824147743252635,30.14465520467698,29.886918402125936,30.07446609027353,30.544749625815612,31.102729596384027,31.613337448838944,32.02642035257714,32.33241322847482,32.55452482299427,32.7110422561156,32.81951002862519,32.87306391204175,32.85220995135342,32.725412519160024,32.456196240544855,32.03192718663839,31.452074299649166,30.81927948047664,30.30175491063765,30.25193797472039,30.81695209353945,31.970614044857104,33.32846063496577,34.76303271642063,36.06594189086365,37.32031335776249,38.430537172429446,39.51607606115197,40.50870081573093,41.47940423430812,42.403454727473374,43.26370736495319,44.11222354451722,44.877850225527816
5.0,32.53507229098332,49.49665593487458,49.76604650182562,48.80503769623231,47.714744753533566,46.499279145365115,45.15084120282758,43.649160431021336,42.01179177093575,40.237238029737775,38.403806340948755,36.61035964997798,35.06375652346205,33.96410700044089,33.37389032228381,33.20742968974108,33.25862540990747,33.43314351524958,33.64466610158431,33.89702533474802,34.16243984261673,34.43789193924799,34.69276938686008,34.90760977915676,35.05923052500034,35.134281090586924,35.127096470374134,35.03693316549656,34.872323098127076,34.64177187639781,34.36173260679641,34.04545183215597,33.71231783569967,33.37719333340751,33.05944740361379,32.77343202559316,32.53521829256998,32.354020706059245,32.23669486718148,32.18246224922825,32.188653394208174,32.250318527281394,32.366427782236514,32.53909904191398,32.77489956870501,33.0791279230978,33.45277611510812,33.887084981459694,34.36489266411122,34.862112485615384,35.3539108815048,35.81749414076342,36.23585936011312,36.59752969541977,36.89717494831266,37.133873475933406,37.310557131210466,37.432109484692134,37.50446009635017,37.53286794720826,37.52110896493947,37.47046595508474,37.37967463782903,37.24513318131949,37.06183099626351,36.82450731410745,36.529091684310195,36.17422271700584,35.7627965322811,35.303544606633395,34.812188610106425,34.311888358397454,33.83164154600235,33.402210231246045,33.04951482283991,32.78831906470914,32.61978547182559,32.53507229098332,32.523156727667455,32.57842557701309,32.70425855908766,32.9106826308535,33.20717366463872,33.593805405298646,34.05587997141424,34.56490468482714,35.0847229219956,35.5787750788946,36.01504800974262,36.368161522840275,36.61909301701486,36.754138789859695,36.763416482962995,36.639993175347726,36.37913997595356,35.97886687973764,35.44121123091631,34.77636336331718,34.00992285394997,33.19625331393705,32.43417293456,31.870493554949313,31.656508540317745,31.856123939914603,32.39616743945172,33.125796840814246,33.90695236273689,34.65043567471072,35.31113240697892,35.87077918600856,36.32670006117309,36.68340558824633,36.94984729651353,37.13625811300825,37.25400354533067,37.31360855601007,37.32500795848764,37.295803089654136,37.23167831275277,37.13516935891784,37.006463504301536,36.84292027110972,36.639925374164164,36.390828590749685,36.08712634395652,35.71851206171456,35.27225686784246,34.733723010727694,34.086156069441614,33.31321216541064,32.404472222456675,31.36843661773313,30.268668677417185,29.277181560520823,28.72683195377304,28.94257047290605,29.909635666172424,31.31822246157651,32.845061301875134,34.387205765918345,35.852836175289596,37.302539953806814,38.67835592153491,40.05181642719921,41.353321504577494,42.630945095515784,43.829623539193975,44.96568738167184,46.029425357600246,46.99706597446098,47.91226138146748,48.73423680700033
6.3,37.604875705703705,49.2691506950146,49.72752872575934,48.81875060945884,47.79580083486379,46.649453297013935,45.37118649428437,43.9467431045702,42.35619488076598,40.61165117986011,38.71223426145001,36.75377280677701,34.86833597767004,33.382707614198736,32.52735392954894,32.384930655944345,32.67285552499123,33.194521640444606,33.78087159939403,34.40927090033624,35.04138625800428,35.67533194711282,36.28350882026642,36.85011364732101,37.35496401996898,37.78628047047841,38.13835326684142,38.409242262335425,38.604155051183994,38.72808900899771,38.79170909531279,38.80323484308737,38.77480493683282,38.715189984604905,38.6358017969861,38.54484501438481,38.452700330392474,38.36741970007977,38.29903101699168,38.25560255739258,38.245901494807924,38.27543887170248,38.347866849475054,38.46177334422705,38.61244607364862,38.79063633592113,38.98537326825537,39.184065740546416,39.375172573150685,39.54811556008435,39.694907210188866,39.80942247089664,39.88814029750304,39.92909056534482,39.932119270784725,39.89780204743734,39.827521192714265,39.722544872945015,39.58417719990502,39.413241537648496,39.21055197990563,38.97699653572968,38.7144509100343,38.42640704241463,38.11916280895997,37.80252851986201,37.490554076422306,37.20109192241602,36.95439616287279,36.76995997634123,36.662554010648975,36.63845613155021,36.69384692088527,36.81596405872788,36.9866104804838,37.18617795151039,37.39694165125745,37.604875705703705,37.800271920040515,37.9774925764431,38.134382963990774,38.27150399161641,38.39139315568553,38.49782059286064,38.59508574496268,38.6873657817444,38.77812918401973,38.869736119114464,38.963197942362775,39.058236837256146,39.15348765845672,39.24692514668224,39.33623761102651,39.41924697392408,39.49407791115535,39.55929902329442,39.61377081969841,39.65655158704285,39.68657674351482,39.7025757250746,39.702821022865066,39.6852786443121,39.64753232756433,39.58722400175377,39.502087967380916,39.390617716178795,39.25211509846696,39.087554005196964,38.89962704258551,38.693806094044106,38.47833066040961,38.265139854682225,38.069235920053785,37.908281184051845,37.800135243503036,37.75987103978873,37.79620533800906,37.908402458344995,38.08655996616284,38.31218713916619,38.563480106138414,38.816481497033514,39.05057599199799,39.24658239811707,39.390772358796255,39.47081576826967,39.47915020516034,39.40862483122397,39.255384863510926,39.01512390195854,38.685103056159576,38.26068210185089,37.73735097017288,37.10494159772095,36.35622450675644,35.4736237314785,34.47040486482507,33.38178137376153,32.42588881350058,32.02398226509736,32.65382169881021,34.24870966080877,36.2132533250598,38.23477827213346,40.06653515705349,41.74907088860439,43.22188687863809,44.54352809363985,45.715906443988274,46.745360633517606,47.691782495705084,48.51284088401109
8.0,37.55514984990933,45.760217644732954,48.317740705754055,47.55630559760284,46.721569258663834,45.8083769966369,44.80765826063606,43.72906735964284,42.542295099338034,41.281118065773185,39.9137238178583,38.49053097276673,37.000308203675466,35.5191223979452,34.08380582656887,32.80812845510922,31.770782791614756,31.05801625576818,30.673764963954184,30.5761839365382,30.681279336379916,30.915146457590716,31.218526091200598,31.557986434457096,31.915556561176196,32.28716645154971,32.67594032098251,33.08768009417274,33.5279234332014,33.99704069816781,34.491071029185825,34.99984281992175,35.510869897605644,36.00970842618383,36.48344535105704,36.92069233342413,37.313102295427505,37.65461951677307,37.94184536203729,38.173153311037666,38.348768553020356,38.47005438794742,38.539597534713664,38.56070689128351,38.53754449957589,38.47478918803821,38.37783508539604,38.252608183979,38.105861207369074,37.945131393869815,37.77902515525655,37.617101540812804,37.46975399902506,37.34750177678832,37.26001281054911,37.21467610654465,37.21530690428384,37.26128228834145,37.34756899935278,37.46568155330972,37.605237369739136,37.75568070447517,37.907653425341,38.053857989942024,38.18925752540374,38.3108310785108,38.4168824009109,38.50623295482598,38.57732866705545,38.62755224464263,38.65277736125047,38.647290534127826,38.604030315403335,38.51509396517017,38.372402202805894,38.16846119953801,37.897232397401986,37.55514984990933,37.14249105821771,36.66523182348033,36.13756142028609,35.58476809512121,35.045376336916235,34.56984214828458,34.212289413018084,34.01440536360318,33.988591697258656,34.11245021587024,34.33942374563595,34.61675478690295,34.89935247074705,35.155402171975204,35.366214933514016,35.52363713916404,35.627285785024895,35.682164015462114,35.69690520077686,35.6821959813837,35.64951184354578,35.60968158960689,35.57184079021822,35.54233060901893,35.52446779299953,35.51844883872021,35.52232575012111,35.53274975242248,35.54644422365127,35.56081065598167,35.57493638764977,35.58937857937192,35.606327464956685,35.62850362914793,35.658700048050605,35.69831133102615,35.747068082406564,35.802131524661306,35.858841945718666,35.910733430214,35.951086818309925,35.97311387608158,35.971416615403,35.941480992119125,35.88056578051802,35.7862784785319,35.657068078611076,35.49020188341948,35.28243810086012,35.02803971860927,34.72025058832732,34.34989176009574,33.907849943588566,33.384528086618474,32.7735772940501,32.073592460305186,31.295956695187506,30.476149241688503,29.694637817262162,29.106119132448796,28.922433846062038,29.332614045238202,30.31747541891042,31.7125728670203,33.286568339638755,34.909600530959175,36.48731736055748,37.98900596220523,39.395406945556736,40.695509468913855,41.90059251698536,42.99588157121314,44.00605896776189,44.92685715337723
10.0,33.24535149948658,36.87612462524331,40.847213190650855,40.532555462337065,40.19120924915285,39.83815658866914,39.459340082781395,39.05169765514651,38.60619148013117,38.11865776948597,37.586395394791616,37.001009299476586,36.36421122190036,35.666017314440886,34.91048954531971,34.09061569186565,33.21497106872769,32.287860619428855,31.33273810668593,30.381563072530888,29.490626011525144,28.729415678708662,28.169448307981845,27.852082923268092,27.76727382804495,27.85743431984578,28.046360727293816,28.26425738614021,28.461775276668227,28.60771084691748,28.68755463249049,28.696346202483348,28.638565897755473,28.523905060038604,28.3691473867461,28.195479816398063,28.02978973236199,27.90052881128238,27.835502293448542,27.854955922414113,27.968251339067276,28.17074073651009,28.447051740801594,28.775099765086253,29.13242100652093,29.49945756093962,29.862263934919024,30.212365140087396,30.54675834052,30.86637801808481,31.175311126580873,31.478922232134792,31.782858404091673,32.09128878287395,32.40622943688909,32.72664412392413,33.048741982781316,33.366244436703056,33.6714678244495,33.95604852271845,34.21197914792047,34.432025571393666,34.610279586060535,34.74219978587408,34.82480669776868,34.856598846060805,34.837667723524405,34.76969713415575,34.656189324272006,34.50264448396614,34.316907590957115,34.109415467041785,33.89335147816917,33.68436261497915,33.499668021631635,33.35627788710624,33.26852472757568,33.24535149948658,33.288382584397304,33.39150617117248,33.5422290148038,33.724166655761614,33.91976795119739,34.11246756744024,34.28798355221525,34.434822608350004,34.54424460442746,34.60995171548678,34.6276709266331,34.59475221626182,34.509830865046425,34.3725832318963,34.183582837759985,33.94427984012738,33.65712761981208,33.325868868066735,32.95608994343962,32.555950403919155,32.137273681260844,31.71659920976372,31.316135646840927,30.96342865718714,30.68924569474469,30.522287773688213,30.482387279883277,30.573990506152768,30.78470160236444,31.088661061964554,31.453993866619573,31.84911535853573,32.24732782727991,32.62791927582806,32.97632656399966,33.2827225374347,33.54122972246533,33.74852637678296,33.903428319413656,34.00593210306791,34.05721728587986,34.058973527487936,34.01369403920242,33.924119453142026,33.793775356698134,33.626429677903445,33.4269037591425,33.20049275534351,32.954107256658254,32.69560471837602,32.43517757419346,32.184471244919266,31.957554527230826,31.769708905782245,31.636179220043704,31.571671652002667,31.58435919393328,31.68113647985973,31.854245755972165,32.10136544303821,32.39884291770838,32.74390644892226,33.104298090037595,33.4865802749714,33.855726428974194,34.23042767072366,34.57617948886111,34.9192656323117,35.23108890279139,35.53469108967839,35.81885336349664,36.086389415356955,36.36207299800278,36.61233576576993
12.5,37.04538573265254,40.44119874828701,43.05342805055268,42.37136568184628,41.66522217886731,40.97038752419359,40.270776700898196,39.621231796166335,39.020536898477594,38.51781707791166,38.10776060160812,37.81515225991889,37.6169707149088,37.51307038829009,37.47359339381887,37.49217595466512,37.54832369124855,37.639785449253004,37.756868165555495,37.89906414131663,38.060803430296,38.239044772251546,38.427727707395434,38.62096121257323,38.812162966222935,38.995050588044144,39.164252391520456,39.31510588780235,39.44431824986154,39.5492436448443,39.62834660730181,39.680389560313124,39.70479044672166,39.70092398295057,39.668462928532755,39.60683796033757,39.51559979680133,39.394021173038894,39.24148455303407,39.057214127703084,38.8406754169345,38.59143441453999,38.30957933839712,37.9956839248264,37.651271862108075,37.27882061982969,36.882244953656986,36.46685660296167,36.039702173897254,35.60930571974392,35.18558209179813,34.77916135691365,34.40080008151024,34.060412180019966,33.76651856614229,33.5257070791851,33.342880368248295,33.22150416284282,33.16425874698495,33.17310300377156,33.24911479289295,33.391567246284744,33.59707548798969,33.85876291462897,34.16631805703385,34.506611645484575,34.86500591941698,35.22669151101755,35.57792578928637,35.90679292154111,36.2036810248479,36.461316214136076,36.67474424145118,36.8411073688739,36.959520639205394,37.03091524951082,37.058019184631355,37.04538573265254,36.99955347359216,36.929234412646615,36.845536557339635,36.76201036640763,36.694370329871894,36.65955837311104,36.674029767340826,36.75126073748955,36.89910889851569,37.11783262333514,37.39972081902917,37.73041693908851,38.091517925153326,38.463325854804566,38.8271553154894,39.16666458083696,39.46848441068521,39.722210644430504,39.92020551149068,40.057236212170864,40.13023720219082,40.13808674303013,40.08162643711978,39.9637274936236,39.78963787492233,39.56735088351772,39.308216162036516,39.02735472557375,38.74398207537898,38.48080595371734,38.26254775886947,38.11272857599778,38.0498196188399,38.083147458686256,38.21122049936069,38.422206385460086,38.69753517479575,39.01541213270995,39.354734613759746,39.69652335755269,40.02541911840843,40.328941366944605,40.59790912767583,40.82508502236709,41.005675890043946,41.135993973475934,41.21429861858601,41.239558107146266,41.21254061693199,41.13469338303232,41.009264622245226,40.840397851784914,40.63389844765112,40.39678336764738,40.13699389409955,39.86394756179471,39.586101369922346,39.313818333741565,39.05323448815198,38.81427445403697,38.59822855379114,38.41572132527724,38.26267476447092,38.154794458631265,38.083026642624944,38.07180671596325,38.10567902916386,38.214332645497414,38.374614344441426,38.608751054321,38.8939058700362,39.22837710642207,39.6109659455236,40.00893421621263
16.0,31.11910400052572,38.539151630769474,41.86274097538079,41.71391733616765,41.584549293470246,41.45247151922465,41.34122942523352,41.22467013861566,41.10966708961663,40.98867115523706,40.854610941088765,40.71040265069183,40.54199616452817,40.35629921946026,40.13799658103252,39.89418990120092,39.61193301129042,39.29729514010485,38.941758857797275,38.551099533496064,38.12279184006815,37.66461324147513,37.182069719411516,36.68838954027117,36.19932067630257,35.735876104438,35.32236091223232,34.98226852667504,34.73588168453566,34.59288851047426,34.552527838981405,34.60152102494086,34.72007671696182,34.88477460333089,35.074001566729265,35.269306863140834,35.456838621972764,35.62676364649539,35.77280488473225,35.89140896950981,35.98106097528017,36.04174699021341,36.0744238144403,36.08069544416927,36.0623827292804,36.02126380404857,35.95870242993217,35.87542963829495,35.77129699369746,35.645201350328996,35.49505096109048,35.31790696400623,35.110167555907495,34.86786481386892,34.586973969099056,34.26373624531003,33.89502536557434,33.47868994485541,33.01402489492444,32.50233770208524,31.947747795426302,31.358354738125346,30.747708790965156,30.13657862251557,29.554313208628706,29.038526473202836,28.631277521200722,28.37038750373415,28.278072083454532,28.352672789769482,28.56933419752307,28.889044487938488,29.27008292160889,29.67609182046596,30.079473083768725,30.46132728579417,30.809964047486158,31.11910400052572,31.386384058594192,31.61219560310558,31.798925548218136,31.950366220144005,32.07135099285565,32.16737366939431,32.244279059366605,32.307837458621094,32.363322166379206,32.41496763027715,32.4655161240243,32.51576822884167,32.564417788094346,32.60802339529039,32.641360031474484,32.657863234823274,32.650356724149844,32.61171840027436,32.5357415307963,32.41789169275955,32.25635418843363,32.053121397407295,31.815544624400275,31.557941879407757,31.30320371112578,31.083092571642972,30.93585484761963,30.899447397480117,31.001155396959135,31.2481542038787,31.624760527257536,32.09870082209173,32.6314442069944,33.187521784928606,33.7389330869486,34.26638412753497,34.757770980604036,35.20677238030887,35.610744008153915,35.96975722724067,36.285130831740496,36.559144054366016,36.79403120045966,36.99212861103874,37.155154017003944,37.284628148404536,37.38138963704754,37.446178685275115,37.47939355527614,37.481676686961485,37.45395687100685,37.39779263306096,37.31580331920554,37.211432122222995,37.08991093463416,36.9570211850091,36.820697489301274,36.68842108703078,36.56944761874626,36.47095755926073,36.4007461916593,36.36328003156646,36.362298774871476,36.39868864107945,36.4716874511185,36.579811502355724,36.719542863653444,36.888197633992796,37.08213339334914,37.296381988777654,37.53037793590853,37.77359231343488,38.03246060649756,38.28936448422717
20.0,22.49950200218877,38.52865325387568,43.56251122035735,42.955653867622246,42.30732233413353,41.590898297601264,40.82677907172002,39.98625698479358,39.07486333617709,38.07904495928588,36.99549617567277,35.81919542872415,34.547673302841496,33.18515416598548,31.749151447858033,30.274460877914365,28.845225427473522,27.575862415059387,26.63358870797186,26.107620241793224,25.99375142623877,26.15238806914,26.447149588538036,26.766510924861784,27.054913090859536,27.28537037396253,27.45020552329867,27.551403491278098,27.592449818269934,27.579898451105965,27.51714537648892,27.40904391160774,27.257461807225138,27.06587803972274,26.83654181662631,26.573734340040367,26.28199527729704,25.967434975759147,25.636500685490432,25.295406231135598,24.949550700641158,24.60214833821243,24.255343828836835,23.909524773530002,23.56666596852461,23.230353615203086,22.909785962025516,22.61843672139422,22.375210840928375,22.19883908452859,22.1042533181407,22.095355765156516,22.163828906308005,22.289687828297204,22.4473855036049,22.610900801390063,22.75857302412154,22.874820805150556,22.9507744640061,22.98345144180178,22.97485467075265,22.930675774114317,22.859233562754092,22.77020456362042,22.673638296522526,22.578853677009114,22.493780670220875,22.424302559636384,22.374117333451494,22.344579551666214,22.33491190166187,22.34236016642168,22.362665896030933,22.390631860258846,22.4210539728982,22.44982643921044,22.4752879452587,22.49950200218877,22.529307117945407,22.57666379572869,22.657828329036818,22.790903783410975,22.991868328397405,23.27011685196571,23.625311167361783,24.04713251108866,24.51797797413665,25.017234277340602,25.52521820229501,26.025746090969456,26.50713995258776,26.962118330625998,27.387099005476642,27.78127945615929,28.145771140833666,28.48286238848413,28.79550539976496,29.086961671468792,29.360676403416562,29.620181584265104,29.86915793715849,30.11133073675093,30.350447985647886,30.589954384084205,30.832754075319826,31.080711936099465,31.334407876227743,31.592782776014985,31.85320738954589,32.11150301979411,32.36238482828384,32.59972241511484,32.81709759689311,33.008015739473095,33.166331417473366,33.28628272644271,33.362773166016446,33.39127058073274,33.36805359238079,33.290081753139425,33.15532800966161,32.96272449052482,32.71271552428111,32.40741573152236,32.0515723701356,31.653158446999985,31.22492503448752,30.785440179465247,30.360636572467293,29.98354026217005,29.692221021907073,29.523471380517865,29.503898439714227,29.64183125373654,29.923948895530728,30.322092019975603,30.79911445868886,31.3229773365536,31.86333656914091,32.404816474489394,32.931049172531466,33.44246529224037,33.932091818160586,34.40927054192203,34.87187249197552,35.33058476737168,35.78572435282701,36.24228903501273,36.70258108172807,37.16226401650787,37.62633642838128,38.08228144586899
25.0,40.280027050527636,45.53374212677879,45.06837107932027,44.914675055226056,44.76418400501671,44.61360180661772,44.46604972462764,44.316158524284724,44.164944670275446,44.01089168389728,43.8523316610396,43.68987705098657,43.52169564677001,43.34910180213499,43.17138713343511,42.99014505223022,42.80604656860036,42.62094396852129,42.43657126394951,42.25498980697519,42.078403269822815,41.90884662425654,41.748353860170226,41.598589329304616,41.46092227150592,41.336363527934154,41.22539491416396,41.12828418922078,41.044677593420154,40.97417705159293,40.915785749366805,40.868571892630044,40.831088660874485,40.801989534014595,40.77952283440648,40.76204954836662,40.74766503903988,40.7346158082146,40.72105028576492,40.705338476740806,40.68591735159079,40.661515062981096,40.63104973267451,40.59376269759139,40.54914632340123,40.49699829172888,40.43737290679878,40.37058139380372,40.29716230591205,40.21785593009498,40.13358413060154,40.04541224751218,39.95453621109525,39.86222553004044,39.76982017651781,39.67865424097497,39.590071865373815,39.505359541030415,39.425789733040425,39.35259280744243,39.28702933191502,39.2304012754806,39.1841261977416,39.14972936537091,39.128858134652404,39.12318321957666,39.134297918029134,39.163516176833795,39.211686726584205,39.278980447746896,39.36476612478773,39.46753795722295,39.584989145801536,39.714152518121246,39.851653994004096,39.993981984481735,40.13776860265856,40.280027050527636,40.418329275620415,40.55090170431748,40.67664940828871,40.7950988337588,40.90628723565116,41.01059899517885,41.10857732170784,41.20073456148713,41.28738029690464,41.36850193928257,41.443698408331855,41.51219809141147,41.57293284430723,41.62468718877687,41.66626566753233,41.69670012483941,41.71541891753491,41.7224223822327,41.718369916830895,41.70465428902622,41.68334642239317,41.65712179068892,41.62903522192405,41.602300221220716,41.579934275379415,41.564487222262514,41.557712023508024,41.560430688361585,41.57242253667568,41.59256949653614,41.61901818180123,41.649543834103106,41.68184362851777,41.71391597899077,41.74428782446451,41.77223117560598,41.79781450053608,41.82187816227494,41.84589785310165,41.87171775911587,41.901298225622796,41.936279573844885,41.9777857303125,42.02596442592099,42.08007766589973,42.13814079366463,42.197438989750935,42.25422680323706,42.30461556684851,42.34417602763847,42.369013159287704,42.3752056705889,42.35985140142298,42.32055476502238,42.25611883363658,42.16668904531624,42.05342802860537,41.92044692618669,41.772161230057165,41.61871995661839,41.46880551265143,41.340460432879986,41.246251649738156,41.210346451316425,41.24417338919279,41.36834051824629,41.583862683121204,41.89480448248081,42.28922897615224,42.75256439709192,43.27006163290115,43.81869315035591,44.38967169029081,44.964088236897375
31.5,34.70638161502669,41.048188878155855,44.05887446787504,43.46823566551039,42.84636175220169,42.19363604371698,41.51290754186864,40.80846049854377,40.08780491080722,39.362501747688306,38.64514492158389,37.95596379856255,37.311570172242774,36.73583308304837,36.241730787030484,35.843966770406574,35.540757095879904,35.32851062985666,35.19057877883361,35.111525461296644,35.07155457650726,35.05536085052535,35.04871358737399,35.0416676023926,35.02665541353859,34.99863866924028,34.95467115601983,34.89286363322598,34.812993314223284,34.715126951386615,34.600753679838895,34.47137166079914,34.329735020427314,34.178471726440364,34.02120071188592,33.86120338310806,33.702344460804,33.54789529008085,33.401330753779284,33.26543116656934,33.143024835401214,33.03636284669058,32.94773620701442,32.878921283680434,32.83152745701899,32.80637172239674,32.80359885980057,32.82214860959462,32.85993385699974,32.91367722132157,32.97935366125143,33.052385403319555,33.12820020478591,33.20250104016425,33.27166389192958,33.332862574860435,33.38421426259254,33.42474615688775,33.45437223345958,33.473794015627234,33.484423662997486,33.488286445533156,33.487940089945866,33.48638857843527,33.48697772849373,33.4932741014923,33.50888922430848,33.53727827072802,33.58147354973461,33.64381884219939,33.72568950174258,33.82727911255355,33.94746590869222,34.083809729407626,34.23268460375723,34.38953679312656,34.54921975729216,34.70638161502669,34.85582859337099,34.99284798177771,35.11345632814583,35.21456832879783,35.294095919065754,35.35097671313506,35.38515758386168,35.39753703282306,35.38988298650644,35.36472729677477,35.32524517688849,35.275111389556876,35.21833716317736,35.15907196548996,35.101382627165606,35.049006067089095,35.00510763266967,34.972069780462235,34.9513557748821,34.94348378545664,34.94811449226704,34.96426495262841,34.99056056892263,35.02554069545168,35.0678557995739,35.11643990154063,35.17047413047142,35.22934771190038,35.29240568291199,35.35882865030174,35.42735666326355,35.49629690316149,35.56339771551377,35.62608103268347,35.6814598714473,35.72670607186545,35.75906211774286,35.776203604082326,35.77612684449039,35.757456351440446,35.719197419988774,35.661054357628544,35.58310779767616,35.48625381210224,35.3718664891138,35.2424504727954,35.101286804842424,34.95331011327907,34.80463892393165,34.663486241035955,34.53932818398155,34.443330693842775,34.38686421973788,34.38080271636282,34.43376070892488,34.55045370325565,34.731459624049414,34.971834736613985,35.263872288272246,35.59617402013024,35.95795173225534,36.33790427827624,36.727080965975084,37.11863084099689,37.50675338809337,37.890018073387225,38.26458689443578,38.633311341665156,38.992884965629024,39.34801155506026,39.696058798267806,40.04007444778968,40.380024174673636,40.71590904933426
40.0,35.126902549076405,45.47248283477611,45.90554163548913,45.40183953339788,44.873696170861066,44.324338650528496,43.75118519251213,43.16057093554122,42.552788785224905,41.93614654602787,41.314579556837614,40.69853717047852,40.095157589087094,39.51639000457204,38.97055677755121,38.46859964231027,38.016505783282135,37.62059508670992,37.281458482736646,36.9988995973248,36.76816331406592,36.58417629286776,36.43978779276367,36.32840572311562,36.2434126732373,36.178994835748874,36.13020403520324,36.09256402811026,36.06255636814106,36.03672018998749,36.01240982935292,35.98684565199524,35.95797806230934,35.92366785827754,35.88250264152193,35.833127567597586,35.77491952355774,35.70743912098218,35.63093645733096,35.54590239316138,35.45342425953206,35.354819389782385,35.25187675326236,35.146547088802876,35.04109750796942,34.93782417767039,34.839139260846636,34.74729771118932,34.66443227418398,34.592321776637554,34.53241169361881,34.48566400161345,34.45261361140367,34.433307413311944,34.42740515768653,34.43418183816344,34.45263823497661,34.481522109917535,34.519414838770295,34.56474498074699,34.61585132031289,34.670996961547395,34.72842623722559,34.786395958780545,34.843239079470706,34.89741791352827,34.9475856653012,34.992641422046795,35.03177435777735,35.06449048149512,35.0906233472266,35.110313672761755,35.12397271317349,35.13222226868544,35.13582192451094,35.1355954005032,35.13236330074514,35.126902549076405,35.119937095653555,35.112170076767335,35.104356149155066,35.097404192147074,35.092492712214025,35.091175293990254,35.095445070054325,35.1077278692863,35.13078390436503,35.167502196523934,35.22059936786762,35.292258323949554,35.38376348184782,35.495206161121125,35.62533217950756,35.77156362419003,35.93019824368292,36.09674806598579,36.26633945297136,36.43412548792056,36.595630414325505,36.747009258130554,36.88520814495115,37.00802280760725,37.114085095589665,37.202777800245734,37.274107133106234,37.32854562598736,37.36686039617841,37.38994514039225,37.39866804351343,37.39374773037892,37.37567227180351,37.34466276884578,37.30068337104092,37.243494998367595,37.172740940313844,37.08806378290851,36.98922503402946,36.87624981416651,36.74955251318897,36.610084810635335,36.45946216570102,36.3001044816517,36.13535472577824,35.969594486620046,35.808318856499106,35.65815421270975,35.52680546573277,35.422838311016434,35.35536379540393,35.333485520364675,35.36564691043815,35.45891198157202,35.61813842289163,35.845693862428526,36.140754898849146,36.50012272819515,36.91759323433957,37.38597207683774,37.89602237111658,38.43918383602123,39.00586750507671,39.588121523559,40.17786656582545,40.76848497965979,41.35439907593223,41.93013266641783,42.49310064000383,43.03840228060651,43.56660269418549,44.07304627799651,44.56093325309811,45.02667263878891
50.0,52.00246328147269,58.539961870832606,60.264849958431874,59.730689285565326,59.167976676285,58.575075456685404,57.950949305390424,57.29521771333342,56.608685988079515,55.89511383839778,55.1602314941238,54.415046343675215,53.67605426162769,52.966498272881566,52.318163630202285,51.765734734527115,51.34549298092772,51.08059749965929,50.97910575234281,51.02552315674406,51.19117743568452,51.438880701888735,51.73438040314443,52.048727363951286,52.360857453213214,52.656226812952454,52.92553898474235,53.1634587881484,53.367123292493446,53.53568617134392,53.66931667631077,53.76920778673679,53.83696658127364,53.87479091497053,53.88509792701277,53.87072138131654,53.834679445426474,53.78032630780574,53.71119496471901,53.631078639861,53.54388729240937,53.453650927676435,53.36435291353119,53.2798482503723,53.20367259261539,53.1388968751175,53.08795168980508,53.0524930151142,53.03330273018546,53.030249569457155,53.042316795592264,53.067687049544006,53.10388725414032,53.147951750220095,53.19661376689541,53.24647819882277,53.29418628359054,53.33654658486676,53.37064575764549,53.39392410475093,53.40424040788178,53.39990646016294,53.37972205219727,53.34299345391625,53.28955633544601,53.21978936093725,53.13463915419859,53.035631249864906,52.92489139940383,52.805148310877186,52.67971657952339,52.55246281840631,52.42771000973001,52.31010701015375,52.20441820213768,52.11526354456794,52.046812437074045,52.00246328147269,51.98455971773937,51.99418688189928,52.03108571701777,52.093700978880676,52.179353228489106,52.28449725001461,52.4050211330337,52.53654177333825,52.674657240799895,52.815149258767356,52.95411800867597,53.088067173103866,53.21394819350057,53.32917470272285,53.431628935301504,53.51965743213209,53.592070403073144,53.648145934735766,53.68763686289135,53.71078261593883,53.71831694634628,53.711468302234294,53.69194698307712,53.66190716412198,53.62388430735753,53.58069151788853,53.53529148566316,53.490624950741704,53.449441033738694,53.4141032757373,53.386451962570604,53.367672840631,53.3582763617958,53.35808491252702,53.36635486973006,53.381854778371206,53.403075423528634,53.42830864119642,53.45586822082562,53.4840912932734,53.511536818351146,53.536883469377656,53.5591293800254,53.57739814262557,53.591191590858536,53.600121269982715,53.60426004035517,53.6038065338134,53.59955094838759,53.59247604407943,53.58429893970054,53.577030671334505,53.57347047079496,53.57680280143656,53.590793454586276,53.6196210071974,53.667383021494956,53.73855604906516,53.83634587629728,53.964406355905865,54.123643065625124,54.3158812925169,54.53896848888198,54.792648619237625,55.07221328705348,55.37586746675851,55.697892002640344,56.03564692510957,56.38422401661161,56.740361564107346,57.10137443401351,57.4632086881837,57.82579598711293,58.1849813367834
63.0,50.36459172123506,57.51242415700872,54.13421385063203,53.74635381081841,53.35478875198024,52.96066838354711,52.56845461965761,52.17900145708779,51.79683836395023,51.42531148524479,51.0678122528067,50.72915129897445,50.41140172605842,50.11914995222281,49.85296888720253,49.61575743112335,49.40649719838657,49.22578489615524,49.0713188107971,48.94178018025973,48.83429958940579,48.746623205272606,48.67608031015034,48.62040016106305,48.577521713481566,48.54559092996807,48.52311403674467,48.50861937182827,48.50089049181999,48.49861390204322,48.500598644236696,48.50555487047196,48.51227667212575,48.51956899476545,48.52638779639583,48.531872809591306,48.5354393937175,48.53685699267711,48.53628191691342,48.5343192006072,48.531971568242575,48.5306298989134,48.53191751920952,48.53758702223917,48.549283479362586,48.56839701637598,48.59583800890819,48.6319571663863,48.676448364568984,48.72841787273949,48.78645351453372,48.84881172659852,48.91357281462593,48.97884115020318,49.04287331487705,49.104214482408224,49.161746487746086,49.21474538569341,49.26287011116961,49.306165539806585,49.345026686932215,49.380171072404565,49.41258997740198,49.44350076992782,49.47427988838977,49.506397821937114,49.5413357458506,49.5805131968424,49.62520991716488,49.67650623214282,49.735236291439115,49.80195505309026,49.876927374836654,49.960120839765885,50.05121503264587,50.1496103617102,50.25444044282296,50.36459172123506,50.47872361484344,50.59529696004104,50.71261093468206,50.8288434194432,50.94210504054952,51.05048995639642,51.15213351760399,51.24526839494688,51.32827860509884,51.39975438733261,51.45854129341376,51.50378661617411,51.534984024130154,51.5520109319073,51.55516534739994,51.54519208251305,51.52330616866016,51.49120115089242,51.451050618729724,51.405480607875624,51.357524937135636,51.31053236227394,51.26803947355418,51.233578793938264,51.210453040122786,51.20145885821114,51.20862716315648,51.23297652997672,51.274372642718475,51.331472822759785,51.40182852839703,51.48206647551616,51.568185679321516,51.655842859994856,51.740669517870344,51.8184878537751,51.88550870559596,51.93840112387533,51.97435463684294,51.99102585881925,51.98651882993934,51.95927490053361,51.9080399335521,51.83175892506611,51.72958836875495,51.600846439927075,51.44512010484101,51.2623273536373,51.052982761773684,50.81845398703135,50.56149356635457,50.28680031539906,50.00192994691417,49.71813792028244,49.451403445745086,49.22268897390553,49.05741569065603,48.982593862086745,49.02233803274059,49.19175766865058,49.4927555360117,49.91330063350628,50.430862629475826,51.01859499574936,51.64978602805138,52.30229525305685,52.958357494477525,53.60585897559886,54.23644256712716,54.84479375868548,55.42907599437774,55.98669933349611,56.5200422247321,57.02808400661369
80.0,40.40761393714802,52.45216470210384,51.63045379219419,51.069711772026956,50.488752429694955,49.88989440010162,49.278686280626694,48.66139161205528,48.04752057311579,47.449412118874754,46.88047265853945,46.35681838915629,45.892104968178444,45.499098400512054,45.18383781868153,44.94755179196896,44.78390300978934,44.682392051849774,44.629020036197474,44.609481502744906,44.610375016868595,44.6205274606891,44.63134717179901,44.63676767420793,44.633039819906806,44.61825136596677,44.59198217639497,44.55486261339776,44.50826616090217,44.45402511265573,44.39420231713682,44.33096172596863,44.266420012341065,44.20262609471337,44.141475219424535,44.084743515661245,44.03404229528504,43.99087223359457,43.95659045460296,43.932453943019574,43.919562791592384,43.91885430094001,43.93099374272847,43.956296803630835,43.99458613687769,44.04510102412053,44.1064005832444,44.17636086778493,44.2522074988386,44.33063492077043,44.40795650317051,44.48027552236009,44.54365123217491,44.59423356654871,44.62836432716606,44.64264475239115,44.63397083974297,44.59955872031421,44.53696497186477,44.444117684393724,44.31935755856617,44.16151460813603,43.9699923011112,43.744904612476425,43.48723283490359,43.19902255508431,42.883654279750026,42.546126185786655,42.19341551216171,41.83480619032604,41.4821025456476,41.149606056158454,40.85352474278426,40.61070482838141,40.43653674652569,40.34242694088051,40.3335284854689,40.40761393714802,40.55559928462026,40.763498516364734,41.01502597261167,41.293976681433705,41.58587924705977,41.878803761132374,42.163512761042085,42.433209078960076,42.68309066214875,42.909884135464075,43.11140711694266,43.286224100029045,43.43339429095121,43.552312338008065,43.64263858111378,43.70430059507818,43.73756148227639,43.74314397928822,43.722401074793254,43.677517951897755,43.61172854905612,43.529509453864755,43.436708940900395,43.34053180385543,43.249308569287486,43.17196907426366,43.117221026728004,43.09249087659217,43.10286193150894,43.15025287214887,43.233135977188596,43.346850913223776,43.484459925528675,43.63784232490652,43.79879170819946,43.959859799858656,44.11489887628079,44.259286623988615,44.389926985785706,44.50508981823188,44.60417549378849,44.687454716606666,44.75580820330833,44.81050795170812,44.85301716541208,44.88485292353883,44.90747065968285,44.92222041071909,44.930342176541956,44.93303897259709,44.93162873848764,44.92775005061376,44.923700654220355,44.922716917704825,44.92941511876134,44.9499352207266,44.99215893333883,45.065350474391224,45.17955851186507,45.344596018113165,45.56826318710804,45.8556580853947,46.20687166187312,46.61868103958881,47.082474066235065,47.58884075753472,48.125147671548014,48.680970159289544,49.24516300886343,49.809483669801565,50.367164273417956,50.912466647622225,51.443324375883236,51.95649669156384
100.0,37.57066828409269,43.29455991120015,44.464220307849104,43.979748857650584,43.48732318573206,42.99629626540528,42.511279812487,42.042636492758874,41.59864706748294,41.1876143635526,40.8162570085769,40.48754784399017,40.20218785129117,39.95717466813221,39.747683147169525,39.56768785015575,39.4108159561644,39.271712976551065,39.145735262605555,39.0299238706866,38.9222038118272,38.821707232644684,38.7280675217387,38.641249909867064,38.56120831321291,38.4875070821989,38.41943431431688,38.35568747832567,38.29489479983599,38.2354581368833,38.17625460930727,38.11651615822446,38.056412288491465,37.99678487755763,37.93942537688673,37.88661198219772,37.841104731804805,37.80561841976666,37.78272203281121,37.774445571260465,37.78225287766106,37.80684145161132,37.84818442927072,37.90541844838379,37.976876245010075,38.06002109002942,38.15151399448478,38.247284042394526,38.34273953655182,38.43300090694786,38.513225578816005,38.57887328162117,38.62598436778947,38.651344237863576,38.65262221630937,38.628411914691746,38.57826770077599,38.50269336174928,38.40316764730491,38.28215897926053,38.143169953850105,37.99076809977678,37.83056172948267,37.669081503372524,37.51350011880747,37.37115311528588,37.24892246723394,37.15250939842493,37.08581485504584,37.05053529324771,37.04612567973465,37.07010850603542,37.11864008826334,37.187147700728254,37.27089707712619,37.36537959578095,37.46650880397065,37.57066828409269,37.67467779827606,37.77574547928721,37.87145493563393,37.959790803169426,38.039207876206504,38.10869721057737,38.16783460598763,38.21677569024056,38.2561917866459,38.28714808703725,38.3109358630044,38.32888927643144,38.34221635151042,38.35186977832891,38.35848217831077,38.36237179617676,38.363617458038604,38.36218774742822,38.358101826555554,38.35159552950445,38.34326421278945,38.334152045202444,38.32575812146154,38.3199405817459,38.31870215100797,38.32387738470861,38.336754274554686,38.35770636617725,38.38591230058776,38.41924447518683,38.45435892386342,38.48698775962155,38.51236614004084,38.52572866818389,38.5227826459774,38.50011154481282,38.45546867068552,38.387968119420044,38.298171423817806,38.188101936045115,38.061186041057866,37.92214117472735,37.77679452834588,37.63182129329869,37.494376225843304,37.37161578860773,37.270113311193874,37.1952619997907,37.15072796714346,37.13817215134574,37.15723069420419,37.20592671181873,37.28126998316479,37.38004359200885,37.499499296789274,37.6377726296458,37.794201196849485,37.96895588868058,38.16303119615433,38.37731077881904,38.6126102310194,38.8688323626666,39.14524713417897,39.44033417469533,39.75192490482157,40.077843941981484,40.41545268152228,40.76261135881367,41.11707952954941,41.47659006379351,41.839951056999865,42.20420200006391,42.56972318019879,42.933691963671905
125.0,39.71469738741642,47.888728519131845,47.27368369564236,46.728859574960985,46.17850117845968,45.63170054230535,45.090516919736,44.5696315224278,44.07812637177379,43.6272923431219,43.22562144353994,42.87819745726942,42.58720917019116,42.35031549610365,42.16334656839794,42.01971090099679,41.912879402028935,41.83617094015815,41.78394691181292,41.75127339164371,41.734202936287694,41.7294150530904,41.734211814943166,41.74623926236188,41.76347384939592,41.78400327385471,41.80605748735129,41.82784728401518,41.847670356663244,41.863850988121634,41.87493179777683,41.87971748974639,41.87748416150811,41.86804473223472,41.851865541421574,41.83004703261203,41.80427512618074,41.77667067584794,41.749592845999295,41.72540870377496,41.706247001938976,41.693804540043296,41.68917828518229,41.69280037938161,41.70441157066287,41.72313294658068,41.74754661508008,41.77584027526177,41.80591943299249,41.835548796087934,41.86243890318834,41.884337016693244,41.89906167047905,41.90453868301802,41.89879476991176,41.87996938137027,41.846315093412336,41.796237701237914,41.72835720803939,41.641620314994476,41.53543274999605,41.4098396831378,41.26568606885967,41.104788526241585,40.930036318126994,40.74542028915442,40.55596680643143,40.36752507487219,40.18646092048343,40.01924357371399,39.87200333736883,39.75014866676325,39.65806518695842,39.59896993701368,39.57486539771595,39.586559677855476,39.63368770755083,39.71469738741642,39.82682474525522,39.96609990430655,40.1274535205468,40.30493947659362,40.492088285107315,40.68231043978446,40.869309479675934,41.047428440355716,41.211895275553765,41.35896445215969,41.48594897864672,41.591168465993675,41.673843441316805,41.73394606795503,41.772045986519444,41.7891531598574,41.78659124785188,41.76590274423047,41.72880724614884,41.67720392530959,41.61322257109887,41.53929467231528,41.45822679748229,41.37323022342282,41.287877760856574,41.20595320908244,41.13119103791028,41.066923747170286,41.015698231080194,40.978944541258016,40.956781877287,40.94803275306628,40.95043844163405,40.96106169915635,40.97675399965937,40.99464504848542,41.01251201473516,41.029054269562025,41.04396573757634,41.05790857923591,41.07229962841396,41.08905877115819,41.11023225952422,41.13766256210468,41.17262095029978,41.2155689605136,41.26597109070172,41.32226499116623,41.38193563489662,41.44168591878335,41.49772591200814,41.54603400815661,41.582764204546415,41.60450875313094,41.60878853346452,41.59436781841721,41.56185450991488,41.514308741252755,41.45784269942821,41.40284586231812,41.363710346171054,41.36050817160359,41.41519561230771,41.55262727375685,41.790509027036705,42.14123231035916,42.60066983879785,43.15668384739457,43.78573918711342,44.46260021270839,45.16458883561206,45.86920452422204,46.56548395676875,47.24017901652378
160.0,37.67064862556334,47.17673145179926,46.37135380487621,45.614290987950596,44.82774686917958,44.02319117581931,43.22028803197882,42.44202128368081,41.73035312406747,41.11063783852888,40.61997490829383,40.26345905780499,40.039359336814556,39.9202083620166,39.875225300536854,39.870818189343225,39.879785559342224,39.882587372727635,39.86663541727702,39.826101863526226,39.75958514594079,39.66953584952619,39.560885195824916,39.44011921634863,39.314590300813364,39.19125405873611,39.0762115413658,38.97363784299063,38.88569696822591,38.81236456241828,38.75190115442778,38.701546464077936,38.65811027749767,38.618775262784254,38.581211151629056,38.54395012900853,38.50597374380582,38.46675805519655,38.42575089738766,38.38247816391605,38.33630874332035,38.286831806120546,38.23393977156431,38.17830086847853,38.12146305883815,38.06607611200965,38.015696295336234,37.97454839524214,37.94693785994882,37.93666004201975,37.94628901075943,37.976675356303204,38.0266102611774,38.092848763080546,38.17038410084413,38.25297893509575,38.333780281330675,38.405969497789336,38.46333000604171,38.50072246899759,38.514442991914294,38.50246495381771,38.46458459583329,38.40245018667133,38.31948363271828,38.22065421519804,38.11211937257478,38.000699873648756,37.893266132849405,37.79607522747352,37.71418833251337,37.65107640255172,37.60847130187537,37.586490133822835,37.583951432552524,37.59880586432307,37.62856151435549,37.67064862556334,37.72267449904454,37.78257147030007,37.84864679064934,37.91954841244408,37.994174603897115,38.07153943294728,38.15063791235159,38.23033351264727,38.30931245501289,38.386118648569465,38.45927839476009,38.52747827502691,38.58976732856761,38.64571442215777,38.69548350393709,38.7397900364244,38.77973179282339,38.816547045508884,38.85132157993331,38.884781723313566,38.917162515825375,38.94828540430798,38.97772655223599,39.005141655236336,39.030525692884865,39.054460661170175,39.078116806299555,39.10314794362656,39.131315753530124,39.16411791331842,39.202326158131676,39.245782063830184,39.293317203476384,39.34307078216896,39.39292067644399,39.44117852811449,39.487170364026795,39.53183176682148,39.57794338362853,39.63015633051387,39.6944938830167,39.77752007046234,39.88507633344373,40.020935360997065,40.185645133030825,40.37589031406704,40.58467266296507,40.80205407214986,41.0164626842236,41.21591846876637,41.38914926682766,41.52639919524465,41.61968004094615,41.66333248565438,41.653459865164415,41.58895420700894,41.47024100995874,41.30162504734737,41.089428869225635,40.8466777948078,40.59064161189059,40.350310512186454,40.161428577995515,40.07256954193973,40.12953789316466,40.37152514692818,40.80748287930399,41.42033383366589,42.16627146237851,42.99635498240036,43.864515357468285,44.73595879343199,45.58662328005137,46.403983310040466
200.0,35.57132317577049,41.73934371234016,43.000468570686785,42.18194737688924,41.31887232999401,40.42538176258813,39.51818204520271,38.637023657404924,37.828736351641254,37.155239274293045,36.66409953152083,36.38409761831773,36.294928016836806,36.3560484428141,36.50419637941126,36.69154868521694,36.87579718938332,37.034978521403886,37.153917804162376,37.22856810800116,37.2583717881947,37.247591868514405,37.20229544700926,37.130433585085896,37.04077643389961,36.94231427074999,36.843688656190736,36.7523659205641,36.67425673821881,36.61321782771339,36.57110838908905,36.54791814150988,36.542250694826535,36.55177957872615,36.573743981438184,36.60530491878926,36.64379933176204,36.686916226702564,36.73279600188009,36.78014612771081,36.82829688542852,36.87726157670765,36.92769032710367,36.98076774311856,37.03796930502171,37.10076984419508,37.17027783939886,37.24692593975037,37.33022682919291,37.41867261985949,37.50977631168767,37.600212363013405,37.686049439351365,37.76297967268944,37.82656319709077,37.872429188266004,37.89647645675722,37.89505626581316,37.86518649675353,37.80477237912021,37.712860871827885,37.589898434558854,37.437964583446885,37.260945310939775,37.06457081393584,36.85624139631177,36.6446038716141,36.438800981891845,36.24751232022891,36.077896506487015,35.934707264042714,35.81984092857882,35.732411257170625,35.669345312640694,35.626257802499886,35.59837063069908,35.58125793055258,35.57132317577049,35.566016132249906,35.56385479589518,35.56432857465268,35.56774240926992,35.575021695902,35.587481817485994,35.60654452364977,35.633405897775475,35.66867226444692,35.7120296732679,35.7619989466526,35.81584667716063,35.869669146191825,35.91864471926283,35.957391345075955,35.980387135113794,35.98238186288911,35.958808023512766,35.90616593833748,35.822444501582666,35.70759008229553,35.564072370680165,35.397508411261924,35.217272624902456,35.036837386141954,34.87349770232027,34.746999921441514,34.67680549073164,34.67829067351575,34.759034319237216,34.916791052264344,35.140176400690834,35.41171232656617,35.711761972811104,36.0219053940423,36.326935498223506,36.615573935450925,36.88023634896505,37.1163982120772,37.321757911537574,37.495546820092336,37.63788850816628,37.74944230233209,37.831098643701885,37.88393422009058,37.90915142925159,37.90818201981877,37.88274932509943,37.83494565400779,37.767369474888504,37.68306538563549,37.585748745753634,37.47957069189896,37.36938556653344,37.26035926067202,37.15806433743155,37.06810256553864,36.995758112024845,36.9460820645724,36.92316844100694,36.931075655050705,36.97336247126339,37.05395130417698,37.17800793436509,37.34984637086687,37.57661786526355,37.86024337741541,38.20559397569311,38.607365466080495,39.06288327550614,39.55949185233215,40.08766304570897,40.63338401132053,41.18692305668927
250.0,31.371673615585323,41.65965610278592,40.44556164880206,39.61495788076502,38.75805784002907,37.89836107899753,37.06983905523801,36.311075458359376,35.668543493048674,35.16511887334909,34.808549186998675,34.573363949680676,34.423111591794516,34.31663945469337,34.222283031841776,34.11990844426648,34.002166974470676,33.87014351415013,33.73257886600416,33.59953230636701,33.48250747914971,33.38897813622518,33.323571972284554,33.285939471853105,33.27275748447437,33.27856799735131,33.2971822323814,33.3231987755496,33.352119125770244,33.381351184000664,33.40958219709677,33.4371563393874,33.46520719811975,33.49552213976667,33.529678845439086,33.568781303866466,33.61301587159393,33.661848959045024,33.71431236046863,33.769731878410134,33.828319769527006,33.891717102668736,33.96302324829689,34.04643318010137,34.14633482709038,34.26624089359511,34.407729836872385,34.56986673039249,34.74918641102987,34.940262199979266,35.13659447892153,35.33144974841805,35.51849168623983,35.69198800938686,35.846748915035086,35.977841458678974,36.080287922607006,36.14885699965416,36.178031944037016,36.162159714017065,36.09575591753709,35.973905856259584,35.792705242568516,35.54973835836957,35.244557229193724,34.87920647339627,34.458849239568785,33.99245721061464,33.49362751096323,32.9813038436057,32.48005549124003,32.01932321885853,31.630694058681,31.342944468815496,31.175617125750183,31.133775399996967,31.20674094390704,31.371673615585323,31.600024387303396,31.863794564245826,32.13968678628653,32.41084421023815,32.66690358527608,32.90307938564161,33.118880548470315,33.3166906580844,33.500390375514726,33.67408707468195,33.841061458369424,34.002994237704925,34.15954453853216,34.30823326867633,34.444598722650404,34.56250181555965,34.65451840240099,34.712384703844876,34.72748893371055,34.69147690694523,34.597015386573815,34.43886014237045,34.21532860065723,33.930393867347405,33.59641968762582,33.237300722067516,32.890660655719735,32.60631631562996,32.43724090858143,32.422672991968355,32.571137873597415,32.856185071889016,33.22835347988498,33.633766334655164,34.02748637586594,34.37854544699085,34.66914516727034,34.891853032990625,35.046542061183914,35.13796873404549,35.173905766113634,35.163749656339746,35.117544568616665,35.04520015013376,34.9561849993175,34.85921770779389,34.762443723975,34.67327469226992,34.5984611892085,34.543608783112745,34.51272539229971,34.50764053164173,34.527549140997834,34.56917580296198,34.627075834551675,34.69454908304844,34.76460594909597,34.83081763556132,34.88839296854097,34.93535300802484,34.97265891949891,35.00847317872619,35.05381788392202,35.13391360751901,35.271204140377925,35.50467223940531,35.85244342231761,36.3373696349371,36.94570313128429,37.6593371615663,38.44257182676927,39.25810746943841,40.0810247559788,40.88507825736993
315.0,31.35397628657558,38.43937177921045,37.96453621982746,37.18293536368534,36.38053589464147,35.581010073157636,34.815112837901,34.11479814898411,33.51940870127899,33.043070728310056,32.69121686011594,32.44209746394127,32.26563536314192,32.13294455065736,32.01834271156783,31.912797774504984,31.81203017745861,31.724235414550456,31.657681211298907,31.622419662470342,31.6232000596727,31.65946385151118,31.724893997099414,31.809200520061136,31.90073635909474,31.98851402304936,32.063605328812656,32.119974317215615,32.154262056951794,32.165953413221295,32.15667084499788,32.130153402865474,32.09151218501416,32.046932274155786,32.00276352506139,31.964865215971653,31.93766751690568,31.923712964168697,31.923397602006588,31.935458945359937,31.95770744830626,31.988201533128414,32.02616993537816,32.07278956487828,32.13127034546875,32.20648808378259,32.30392119018914,32.42833980914516,32.58237749079855,32.76551652561847,32.97369841049714,33.19962823695819,33.433651813602076,33.66479794156776,33.88178932079612,34.07378366231859,34.230827130813324,34.34409251278843,34.40596694393827,34.410100373670275,34.35147716705404,34.226573714587026,34.03364787082416,33.773235449718456,33.448879955913334,33.06815266881399,32.64394969074405,32.1957698625487,31.750475086960066,31.34133706437367,31.004105310844537,30.769720135723016,30.65561776905538,30.66011765286423,30.76346343233514,30.934863944209003,31.141275436378546,31.35397628657558,31.551721232926724,31.721244008884266,31.85643027135253,31.957006562556888,32.02717723662415,32.07422170873501,32.10704191888444,32.134596118209714,32.16437643751362,32.20114299375545,32.24623248288059,32.29759353470278,32.350513709869354,32.3987544431719,32.43575467903757,32.45560925427484,32.45368088874911,32.426869620745684,32.373626456202594,32.29387428239024,32.188968213164586,32.06179222329021,31.91702875037327,31.76152121418471,31.604551532147344,31.45773198428625,31.33420265284242,31.24690562151303,31.206146205102634,31.217094650488736,31.2782346904182,31.3815523137211,31.514392001007494,31.662341229312737,31.81198489185646,31.952988329103782,32.079060794964484,32.18812953848651,32.28169933820404,32.36385415594555,32.43987907900072,32.51490208145056,32.59262879590292,32.67453414424735,32.759574818261925,32.84450313303368,32.92460503645651,32.99471066805029,33.050161771867934,33.08779645014347,33.106541109412674,33.10802970654628,33.0966259324602,33.079298070341785,33.064829696087294,33.06232293134877,33.079674773499825,33.12134040112361,33.187369317517316,33.273769507171835,33.37218746037991,33.47669906643211,33.57876887935077,33.683726212985256,33.79252561880174,33.930797301868246,34.111223878424,34.371098776157744,34.72080224943332,35.17711982774093,35.729903775240246,36.357199353300935,37.03813086162509,37.73843434203432
400.0,28.454838536059626,35.52258308441865,37.65265900458407,36.639740715484855,35.57035256168374,34.47328323560668,33.40684981356609,32.44434822118386,31.68470041503053,31.181910874461654,30.93196761355413,30.870571354625326,30.901221470581323,30.956066920025634,30.981474215206667,30.964127523414902,30.90089842508114,30.807825427826074,30.7032736435842,30.60694057918471,30.533207581176647,30.487292656138102,30.46616905229976,30.459339006776545,30.45328362074319,30.43485150736767,30.393555143873506,30.32392658846732,30.225389735585317,30.103445708513064,29.968693364613767,29.83651040692412,29.72459115292382,29.649746543976143,29.62354755241772,29.648655236920977,29.717501770685395,29.814103479389445,29.918242429365456,30.0104125647637,30.075811865833874,30.10719052603667,30.10613468829316,30.083480228994798,30.05812170644377,30.054292192192037,30.096546665013978,30.203644812651362,30.383163102911336,30.62956960071172,30.926565476622837,31.252066669596577,31.58334637310938,31.900280186337714,32.18664737385837,32.429869265595315,32.62016569414134,32.74960757421222,32.81147501558627,32.799958407611705,32.710279362681625,32.53913894889291,32.28551090834626,31.951764206027523,31.545095725067583,31.079155965903034,30.575517154278234,30.06400360784035,29.580585542481586,29.161503265583807,28.834306024450992,28.60963195820358,28.478810043721616,28.419237606683065,28.40413199703406,28.411423408770542,28.428814259737653,28.454838536059626,28.49703416312622,28.568204534927425,28.68165717901693,28.84642550082601,29.063877034216425,29.326719654513504,29.620561875162984,29.926983170595708,30.22682163856767,30.50268155691296,30.74042461386586,30.929786827578024,31.064502802918888,31.142155474571368,31.163925357290218,31.13423203637481,31.060232424584573,30.951116187546557,30.817179990754333,30.66881231780851,30.515617356327226,30.36602657709051,30.22757608465963,30.107803846926686,30.01527105491125,29.960010058453154,29.952629496633868,30.001937328447553,30.11165479392551,30.277868945514363,30.488470403967447,30.72529957657949,30.967707655399227,31.19641627828767,31.396162553427914,31.55718027095763,31.675311596504045,31.751466213900038,31.790377420426353,31.799047471114402,31.78497551017401,31.754333150681205,31.710712667175706,31.65427696281716,31.582185113697342,31.489264128402027,31.369711382615257,31.21836226736216,31.032321393863732,30.812237139114266,30.563379047196165,30.29727970588917,30.03204989579611,29.79326377170008,29.61109629596497,29.51533600250904,29.527304404396343,29.650393225888266,29.869067245883393,30.150860753230248,30.456187733845432,30.75070098991819,31.001423362445465,31.20086372411994,31.334198358516865,31.432426320087018,31.50336548997754,31.617188859533393,31.802032769106088,32.124908343609576,32.59898421758903,33.21023158404304,33.939140242148966,34.719579666488755
500.0,23.96284551946244,31.6558504060415,32.077138496191985,31.125446375641467,30.153170587923988,29.192493890961376,28.32339753048194,27.58405980440176,27.04746488788903,26.69918059342863,26.501788069426944,26.390340667524473,26.28770951835984,26.163758536410022,25.98185421882502,25.758948496087815,25.504624339061543,25.262954011832107,25.067585908832722,24.954445046524928,24.935053256719186,24.999912250812457,25.12042401662147,25.260492791488076,25.38653309807429,25.473101830651434,25.503928441786584,25.47235969584763,25.379056284725742,25.23272030203623,25.048531848948365,24.849052210698485,24.662018933513295,24.517560791864152,24.44157970344753,24.4486199611449,24.53649998040742,24.68667558574424,24.86988043663476,25.054276687391727,25.212246727790678,25.32481135914098,25.383692255410256,25.392533505097322,25.367451157243963,25.336946375331443,25.339348768620052,25.416183087007255,25.60102238129965,25.907793696557242,26.32540065850786,26.8221882634553,27.356960051865844,27.889346289944953,28.38578724073319,28.820991059071368,29.176933055824982,29.441051406451425,29.60454997450071,29.661133287971243,29.606238394098906,29.436688531767086,29.150791935927202,28.748915522612304,28.234664475723786,27.61688253357049,26.91275225993033,26.151810166985303,25.379910362902912,24.65962990674628,24.06156676782596,23.643586132292,23.42672357623549,23.386927168782293,23.470684515620324,23.620491606509596,23.792668878197425,23.96284551946244,24.123730483325758,24.279960821824066,24.442523155970196,24.62345794988685,24.83146869876157,25.068948105293618,25.331114811137383,25.607122089575807,25.882561706414076,26.142256830631013,26.372661416994276,26.5634345644253,26.708324018918695,26.80546303232817,26.85728995543155,26.870105974456337,26.853245948848368,26.81781761826841,26.775034239245525,26.73445144344154,26.702505099039943,26.68194052754661,26.672270928029555,26.67121241122377,26.676431476250055,26.687059295648933,26.704321933277555,26.73122781439179,26.7712451569688,26.826633712970953,26.896850015645942,26.97791103939253,27.06272340538532,27.14251695741919,27.208579051270156,27.25402761064646,27.274960652558704,27.271061777643236,27.24545042346447,27.203948514566942,27.153880795059898,27.102456490995742,27.055308674971247,27.015121453353437,26.981196467268443,26.94948127816296,26.913576263384222,26.865988557670953,26.799633684498684,26.709622264751054,26.594608462480686,26.458984364184516,26.313972455741315,26.178927292455878,26.080188087485073,26.046345586831166,26.10137952451163,26.25393858075519,26.493489909567142,26.79239696388028,27.110480944106307,27.414829854765117,27.66691938471453,27.860201012522722,27.971825008525705,28.034590273833917,28.047849954238025,28.087781347604576,28.18183588129038,28.413502550789296,28.80836152082075,29.363399451110865,30.066223163714774,30.84072856501728
