Frequency (Hz),0.000164766,0.007731537,-0.001395689,-0.001458238,-0.001475912,-0.001463487,-0.001453304,-0.001424706,-0.001357994,-0.001290641,-0.001172812,-0.001056917,-0.000896127,-0.000735535,-0.000542391,-0.000349037,-0.000136761,7.36e-05,0.000290234,0.000500873,0.000707395,0.000903118,0.001086739,0.001255267,0.001406323,0.001539263,0.001651889,0.001745044,0.001817301,0.001870429,0.001903904,0.001920033,0.001919059,0.001903523,0.001874183,0.001833566,0.001782676,0.001723841,0.001658082,0.001587416,0.00151273,0.001435682,0.001356964,0.001277887,0.001198957,0.001121192,0.00104495,0.000971031,0.000899691,0.000831574,0.000766863,0.00070607,0.000649315,0.000596972,0.000549069,0.000505818,0.000467119,0.000432994,0.000403186,0.00037752,0.000355583,0.000337028,0.000321326,0.000308019,0.000296536,0.000286399,0.000277084,0.000268189,0.000259319,0.000250223,0.000240691,0.000230656,0.000220101,0.000209131,0.000197887,0.000186589,0.000175463,0.000164766.1,0.000154728,0.000145568,0.000137446,0.000130491,0.000124761,0.000120274,0.000116989,0.000114835,0.000113705,0.000113484,0.000114042,0.000115268,0.00011705,0.000119302,0.000121941,0.000124905,0.000128115,0.000131498,0.000134931,0.000138273,0.000141305,0.000143766,0.000145303,0.000145513,0.000143905,0.000139959,0.000133086,0.000122714,0.000108248,8.92e-05,6.5e-05,3.53e-05,-1.59e-07,-4.15e-05,-8.86e-05,-0.00014139,-0.00019942,-0.000262115,-0.000328753,-0.000398386,-0.000469945,-0.000542152,-0.000613617,-0.000682761,-0.000747895,-0.000807166,-0.000858596,-0.000900087,-0.000929375,-0.00094418,-0.000941959,-0.000920371,-0.000876625,-0.000808548,-0.000713144,-0.000588768,-0.000432267,-0.00024303,-1.77e-05,0.000242545,0.000541398,0.00087546,0.001248736,0.001654999,0.002098961,0.002571305,0.003077539,0.003605754,0.004161832,0.004732778,0.005323958,0.005922727,0.006535861,0.007144913
1.0,26.188366648421407,30.44986955601336,29.8496315991975,29.854631875500075,29.929557966660276,30.0546850084693,30.2559983138528,30.502160898682607,30.78172590599476,31.10456024041969,31.433999885844027,31.788182332833394,32.13460680921345,32.485139639686544,32.819249805893705,33.14230740649769,33.44392779411756,33.726123926016236,33.98505778046285,34.22184763580803,34.43633839668934,34.629944647713344,34.804296452964685,34.961331856325934,35.1032315361148,35.23213008887324,35.349928106323304,35.458438053685924,35.55877355365802,35.65203213714103,35.738388940717904,35.818150569957176,35.89073947415474,35.95590101153063,36.012699519736145,36.06069379649276,36.09899957594668,36.12731376211714,36.145061610516535,36.152234590956155,36.148615324790576,36.134442607353506,36.1097102153951,36.07470231847616,36.02936722712943,35.97377373851039,35.90757523946211,35.83043464466704,35.74158806344444,35.64027062241899,35.525368383684224,35.39585024122878,35.250484085574236,35.08824372336135,34.90806789562642,34.7091968828464,34.490953285451205,34.25300007908381,33.995110717377635,33.717363837006225,33.419885764494246,33.10300915821708,32.767011072892416,32.41224450901831,32.038932530017405,31.647282832047612,31.237397041355408,30.80944173268621,30.363702183829563,29.900913840655274,29.422493742023352,28.931146056093617,28.431368288967924,27.930337153573745,27.43863729175154,26.971052113858164,26.54671962900368,26.188366648421407,25.91986506803177,25.762279999896034,25.729094114495265,25.822754313097406,26.034061673917115,26.34494768878716,26.732909780233072,27.175395633817597,27.652550419038874,28.148513728248524,28.651324889762822,29.152430120079572,29.645793893166292,30.127283274989317,30.593983767337075,31.043908897718246,31.47559750431953,31.88809962476912,32.28073002879533,32.65319479139766,33.00539495105432,33.33758776871516,33.6501808891411,33.94388624055341,34.219483691287074,34.47796535199203,34.72025036876338,34.94734644653334,35.16003574745837,35.359073722565675,35.54487529269384,35.71776557713568,35.87768634727126,36.02451126570152,36.15776862778168,36.27702287852635,36.38157910853788,36.47092289009075,36.54438160632679,36.60160783295434,36.64216267040077,36.66605003038643,36.673192683828994,36.664025292414586,36.63884860145585,36.59848562155505,36.54352027275942,36.474999830869834,36.393604809599424,36.30035211801195,36.19579478899661,36.080641481655505,35.95512529453817,35.819459353706435,35.673447648751655,35.51682508647577,35.348917854189324,35.16931848670423,34.97673001666504,34.771360658546826,34.5507913281334,34.317173127322064,34.06583316040496,33.802894193570964,33.51961464621766,33.228685411499534,32.91550611810716,32.60123978164919,32.26641529287306,31.937710741048125,31.60123328886907,31.273477926918844,30.970478846609694,30.68870653790831
1.25,29.5455386553256,32.920664254548335,33.284608086488724,33.2073327777968,33.17730409103667,33.16979030710476,33.223316074962554,33.302099981334294,33.40351135539751,33.54168391792807,33.680137758905616,33.84815883479045,34.00678226093687,34.17937736889053,34.336909774766454,34.492612968281584,34.628522296652434,34.75042855492764,34.848878791249355,34.92596746900155,34.977928455865,35.005914330200596,35.00971643085234,34.99101472375961,34.95169665724908,34.89438464182263,34.8219448799533,34.737590447641296,34.64415054501463,34.54464007083904,34.4409637368886,34.3351597954067,34.22773553624787,34.11947589894194,34.00970314353049,33.898385334567564,33.78448237491364,33.66806290178704,33.54873699697821,33.42754561620247,33.305410680377435,33.18466367072521,33.06745504840363,32.95687448252528,32.85534914783107,32.765443785694785,32.68842787040907,32.62499982451416,32.57426557508904,32.53460669094736,32.50315788014675,32.4767790927136,32.45185481309564,32.42512543225536,32.39355100305052,32.35482625002031,32.307174059287085,32.249539823308865,32.18132192371077,32.10235765407632,32.01266304518175,31.912353682282138,31.801492026923476,31.680055519812495,31.54796008954825,31.405127680940122,31.251680860072703,31.088094108994866,30.91547295161459,30.735706878112666,30.551678486799698,30.36728952637982,30.1874232020247,30.017647445577865,29.86379435254396,29.731270240468003,29.624370863753924,29.5455386553256,29.494939299669053,29.470297861217993,29.46722144523871,29.479758331012526,29.501250984438897,29.525106301155205,29.545573144431447,29.55823843553579,29.560448872943255,29.551428828067717,29.532370064991156,29.506239043631155,29.477560070778715,29.451917917429583,29.435446638237842,29.43409960258801,29.453035078830517,29.496023196256736,29.56516466067471,29.66088288474904,29.782199436864815,29.927280889145194,30.093890887292567,30.27998836296878,30.48382284458721,30.704234465259653,30.940214624604003,31.190996083780064,31.45531215112509,31.731604262363128,32.01732854250543,32.30952164948527,32.6042948223513,32.89774290041139,33.185497537871406,33.46378490533338,33.72883111497968,33.9779236819695,34.20857756930336,34.41958518033778,34.60993058133051,34.77989651219903,34.92974031142345,35.06091223154406,35.17451736305031,35.27265892140314,35.35673540476048,35.4288780511895,35.490210186564425,35.54228145952965,35.58550957537639,35.620450817869866,35.64667052710655,35.663673937056444,35.670321017096846,35.665417391277884,35.64735978885413,35.61498322364387,35.5662246349836,35.50105347219911,35.416380314654894,35.31488265211455,35.19113272579912,35.05262776753223,34.88972552459681,34.71704735008104,34.51935632481942,34.319191335115576,34.0979683286517,33.88078862352858,33.65801990103981,33.439038256535596,33.24602569984313,33.068153882693935
1.6,28.957628022658128,28.49286356494899,29.681885602386338,29.460572855619045,29.305232693326893,29.196110289652566,29.179652473110803,29.21546873993741,29.30028242049067,29.439623209630184,29.591613977166816,29.77733297323536,29.952726873246924,30.13550638352053,30.294145370881008,30.43898042635043,30.551696242167626,30.637049594797922,30.686133389375406,30.700745408797374,30.67751801570749,30.617150007602135,30.51901205163046,30.383584447329937,30.211147012929736,30.002074455764614,29.756341509705493,29.473867053752386,29.153497448312407,28.794199189211056,28.393207996532126,27.94816131523991,27.454603363797627,26.90883567487515,26.30514958513195,25.639201280921963,24.90550610926021,24.10171664830238,23.227562305831633,22.29200140020946,21.31702173867238,20.351918203771007,19.48301116666674,18.837908152997276,18.54818946832339,18.677477154237057,19.17442711881732,19.91243362138618,20.764653777138378,21.641793073583496,22.493810958507325,23.296008520945364,24.03886849356015,24.719686959711446,25.339515203787144,25.900365669145277,26.40489089529359,26.85549623087295,27.254668568643527,27.604649247069343,27.907846115279437,28.166647737064277,28.38374970534637,28.562031365034144,28.704735885550043,28.815380102089737,28.8977897236619,28.95598094193886,28.994087011150647,29.016187746414843,29.026151558451787,29.02743684671432,29.022908924629366,29.01469689561938,29.00407705918406,28.991451976567845,28.976366508700266,28.957628022658128,28.93343190221215,28.90156699796135,28.859573395356644,28.80494703438834,28.73526590356167,28.64835111761549,28.542340689431107,28.41578845254483,28.26770587416288,28.09761190052584,27.905548229124403,27.692077636817586,27.458283793542897,27.205712427563228,26.936337534687688,26.652433281435975,26.356552255709573,26.051330308903204,25.739578721675937,25.42408232264048,25.107957475767165,24.794532596033825,24.4880592009331,24.193634907478916,23.91809747191257,23.66960062963244,23.45813558189187,23.294053506828988,23.187537517562898,23.146022508514285,23.17319434438593,23.26715168845768,23.420932925072535,23.62318795903502,23.860252165091506,24.118124678629854,24.383833661731423,24.647002345012268,24.899533475844965,25.136766664857024,25.35587356632185,25.557252210238094,25.742001242025875,25.91391868235135,26.076137467896373,26.233805675085655,26.390004687522627,26.549059086008533,26.71218765776149,26.88123743248684,27.054825057787944,27.231888369879638,27.409114253441132,27.583339953740534,27.750720259004385,27.90739951174677,28.05001536964666,28.17552662912247,28.280953465847535,28.36583256230373,28.426182344512494,28.4666010860077,28.479636952942514,28.47833023043901,28.448895224192228,28.416093186892653,28.358532241408845,28.312359090467126,28.25363663200511,28.218404801527708,28.19928950959597,28.20213363540269,28.265194020286533,28.355031480563188
2.0,28.119779370936616,40.431323717358005,41.17484999472093,40.60510586810692,40.08953454232228,39.63111587280327,39.314615133360476,39.11220191805535,39.039723577685194,39.10091038329357,39.237232782369574,39.45549340251247,39.68752445037493,39.93684640791133,40.15920976141768,40.35613180162588,40.506705181146785,40.61119004449885,40.662320943796345,40.65970098860426,40.601933228695195,40.48825047270132,40.31843361618932,40.09103006163261,39.80427466675716,39.45509428581107,39.03832077705248,38.54771372810278,37.972782665235094,37.30152489617522,36.51473597107609,35.589181684034095,34.488601804383244,33.164258730095014,31.53850493358631,29.494877249962816,26.8531927733437,23.485707731251956,20.674748115865185,22.359271557711796,25.921540559556764,28.864402076616766,31.143102059250154,32.94869531310714,34.418647607442075,35.639872647509904,36.66997784007524,37.54767858279945,38.300767941987594,38.949173765298305,39.50803311412184,39.988573270156245,40.39949009876382,40.747230591496965,41.036645681916745,41.271147374735094,41.453009004984466,41.58350209711024,41.66304232540071,41.691312162111,41.66732339190223,41.58952030446382,41.45576575480447,41.26341472529851,41.00922662372815,40.68935676739315,40.29919099815024,39.83320524527124,39.284648465285265,38.64520823677243,37.904350649584046,37.04862586868737,36.06040354024775,34.91647210474712,33.58617943082101,32.03079064133971,30.20976161508903,28.119779370936616,25.961114093948527,24.550775178504168,24.993824451545027,26.814524683293712,28.872699178073486,30.724813637875158,32.312464262651176,33.66937880305569,34.83855077507895,35.85565620903614,36.74761437530577,37.534260295429654,38.23006943320988,38.84562005888605,39.388637012681755,39.86478837553208,40.27822929776718,40.63203396432945,40.92848260723244,41.16928533466215,41.355752251110786,41.48886983298904,41.56943264504199,41.598008491924354,41.57506675024354,41.50083797563957,41.37545494039267,41.19869040122783,40.97012635923855,40.68872723313751,40.35304126994751,39.96055966257911,39.50794805923998,38.99010657223665,38.400408432413116,37.729274866150256,36.964351568833756,36.0882042614045,35.07812221394606,33.9021865132034,32.51853762210152,30.87119371768651,28.902520134765325,26.62017601891183,24.429612924751588,23.717936580796575,25.24159771218416,27.56913415191601,29.727777748699154,31.545936555055533,33.05648601104247,34.319686922888515,35.38368923554954,36.28583578795133,37.05326125910037,37.70622056304382,38.26026665327732,38.72718602817263,39.11594515706679,39.435137314075476,39.68880930165592,39.88661017208173,40.02747998087293,40.12643099566074,40.17619249118865,40.20114312774574,40.187371863795164,40.169596569477605,40.13130029458948,40.108763314104706,40.09806102900129,40.110855431792615,40.17963826633562,40.28175898576329
2.5,33.14601105320038,37.25450322870068,39.36591700333614,38.7788006805994,38.207516019022506,37.64197251285803,37.159715631426984,36.73379557973075,36.39559226315686,36.1619043772245,35.997609034523634,35.921524694082834,35.87123393886229,35.85044086917303,35.80720954150229,35.73653303601308,35.608572760719255,35.416205686830494,35.14654015449709,34.79333557431814,34.353203596459494,33.82258404898499,33.2032611731569,32.496697018363875,31.709882931194823,30.85450633595812,29.949751349469487,29.030827089014892,28.148379018602103,27.38261131968683,26.82600816636515,26.568676431243393,26.646694516154973,27.02707071008845,27.6235783296831,28.3389512401001,29.09510176340532,29.836891413713875,30.532073808121357,31.160690500403486,31.713757711478202,32.18639920897124,32.57876350426518,32.89232292289367,33.131285336326,33.30050081433235,33.40660691299301,33.456732412669105,33.459183052402665,33.42252714680495,33.355747275438134,33.26753817075944,33.16601018591711,33.05826831962664,32.94997952732529,32.84542772030135,32.747266455127566,32.65706303246083,32.57523028790257,32.50175283770077,32.43607537261578,32.37770579146008,32.32601535113402,32.280691839081896,32.24162546054488,32.20933454291425,32.18501870053264,32.170892980798996,32.170159407946855,32.18688923137657,32.22548501654522,32.289840552205874,32.38230267107521,32.502617204637374,32.64730230429426,32.80950264031447,32.97957164208958,33.14601105320038,33.29671145684996,33.420007601128084,33.50562854516693,33.54529601892139,33.53324608356449,33.466590685865526,33.34579589636223,33.17518373709192,32.96359521914803,32.72493442750441,32.47835493529626,32.247459849751095,32.05789461290196,31.933214417174646,31.88967851250425,31.932292375049233,32.05371985633717,32.237199965388164,32.46124696990485,32.704744307648234,32.949950676016975,33.184162889372544,33.39945939570729,33.5921412059271,33.76141476011339,33.908377454042,34.03481430059665,34.14231892059126,34.23161949967373,34.302024501699975,34.351477845169605,34.376302145636515,34.37190299310691,34.33250936623962,34.25223556615003,34.124445348490255,33.94297063083624,33.70090415407268,33.39201364328545,33.00892714019333,32.5450010482905,31.99202507293851,31.343177337557393,30.59111095677696,29.734134556723482,28.779191057523455,27.759611180524935,26.757524586468126,25.936977272364384,25.531001370653556,25.709157315668747,26.424996638201243,27.456918230251194,28.590720414003993,29.695179503775964,30.70920765659034,31.613118788392324,32.40213259125817,33.08326815422342,33.66293086130841,34.15084564767434,34.557646570405126,34.88952433409073,35.16371792473216,35.379773395046655,35.56518737372686,35.71106162967332,35.85497982434611,35.982601498376,36.130012780347535,36.2926819991784,36.47666785861321,36.711711242998625,36.968027794155645
3.15,31.82973543819081,28.802722707194395,36.89100862000339,36.154439206012725,35.36109806142542,34.46318665892975,33.53795161124211,32.53096930577432,31.489679422810184,30.46738595254689,29.4913437187485,28.708906460167135,28.10924440971104,27.78690761045846,27.620841292751997,27.576175227439244,27.52269287947445,27.410983476549863,27.177289214278662,26.792980979531077,26.232096696823017,25.474705665343457,24.505394704098062,23.309415856221143,21.88548791314946,20.267335230825573,18.588962322459118,17.189016295210507,16.576402749681243,16.940278405987986,17.92152203988276,19.069163542172358,20.176926213373076,21.176873211852346,22.076828197415438,22.88639679248095,23.62107473268709,24.28234631963352,24.870619299975864,25.37976012176813,25.806051034049247,26.146393153878748,26.402778540739178,26.581843415708736,26.69696293868035,26.768624762420444,26.82448157356174,26.89792909959558,27.02330106566489,27.229572028315133,27.532397589224857,27.930752335599024,28.40790460147079,28.938130616926323,29.49330553195105,30.04845225388629,30.58361553345702,31.084360400762307,31.5405957438226,31.94566537266801,32.29518765158738,32.5865094267375,32.818195882213004,32.99002340643908,33.1029075348638,33.15922238813046,33.16289193989497,33.11973830495633,33.03741860095042,32.92536576204871,32.79404309212591,32.653967285444566,32.51400061809989,32.37970620264456,32.25171710059841,32.12507198963897,31.9893316846592,31.82973543819081,31.628594491222522,31.36676762276396,31.02454817702362,30.582168745301193,30.019739912386253,29.317189843986476,28.454595649640734,27.414583573713287,26.190481918153267,24.80997644588927,23.3933457541807,22.247446695823704,21.83417592377485,22.34854410251552,23.45627997089457,24.717494350367662,25.891067606454786,26.89338621590133,27.70961086779057,28.348363004177394,28.82381814355124,29.15002844917079,29.33886021465273,29.400241307769335,29.34211020705671,29.17163461100777,28.895529194362013,28.521988704421787,28.061605938366917,27.530461513955625,26.95178168978164,26.35923722649332,25.795855008532698,25.310040972402945,24.942640968760745,24.712483398853216,24.60656866082141,24.584057586218748,24.590718350811464,24.572017335459677,24.482914272292323,24.287471571406925,23.960852097700986,23.484297113833886,22.850152488349384,22.061714299184768,21.152020774534268,20.20386989221493,19.38875102015243,18.952950951418824,19.084773467561714,19.743917390291564,20.706471733453963,21.75671269992037,22.768076165912788,23.685454031939322,24.496045572337948,25.198717517332632,25.803484767724814,26.316155315901625,26.74349761504046,27.09354610685051,27.362900317508387,27.569273136498698,27.696461636307422,27.782205075883542,27.79793765032188,27.80748115020578,27.778204020117315,27.788174333325824,27.822893381610342,27.928266090859026,28.134219706726682,28.41861882309906
4.0,36.502653238418546,45.46604829333691,45.03305785388109,43.85103509046901,42.52310625826132,41.071874792452114,39.540067549646196,37.93465061211714,36.42719767359745,35.090375864825255,34.02583896866647,33.21867897723958,32.49908777473595,31.8136515116846,31.009041290792947,30.195762336800534,29.42241226565702,28.959670419384643,28.892387113625464,29.215189356137685,29.71777576015458,30.25293169811291,30.729316088432057,31.147626792533494,31.537072744521616,31.938029884503933,32.368871322453174,32.813931554129375,33.23634928915065,33.58531466225067,33.82208914869154,33.91560675983028,33.85684361960387,33.64850702480603,33.317293799653,32.90635923033346,32.48441309996531,32.129164766404266,31.916009219849673,31.887936090350983,32.053609177714094,32.39395519075064,32.885772427016605,33.50407267824414,34.22065318221771,34.994888261863196,35.778137074610584,36.51914437528091,37.17361795547245,37.70636071409622,38.09290591019141,38.31660549013306,38.36775477681816,38.24122002546902,37.93667268083692,37.45828894409256,36.81691795405146,36.0319958197285,35.13498212170235,34.170285130284356,33.191983283441125,32.25193306212842,31.383439372202698,30.593198199221064,29.876051426345164,29.252576919307987,28.809842282712317,28.701445443903918,29.0549334467731,29.84373063620026,30.89509289439643,32.01814822340759,33.085775469081696,34.036026747559035,34.84818261829206,35.5225656952291,36.06931736017684,36.502653238418546,36.83866555040409,37.094502165785585,37.28863464819959,37.440850096395046,37.57196585248011,37.70201092064601,37.84746914653789,38.01755965874803,38.211778917969504,38.41937794524557,38.62191379657854,38.79706353300273,38.922948021757705,38.98106386534889,38.958375554623245,38.84806973759966,38.65023362225984,38.37191577878153,38.02745748043983,37.637833126015316,37.22954619061843,36.83140721120381,36.47069524115661,36.168138716970496,35.935339103889454,35.773490026325206,35.67559396424262,35.62759375137966,35.61053756062275,35.600193394129775,35.56863609516649,35.48463682051927,35.31657980106149,35.03385730567987,34.61023467188761,34.02636135144973,33.27695895148112,32.38231765483272,31.412435968899093,30.51267060431282,29.898551791851354,29.740813537385534,30.02260773082711,30.552840653427925,31.13703204062316,31.65296666035898,32.06175684149588,32.361075291303976,32.578038995545825,32.732584618170634,32.84244324889196,32.89982321981742,32.884458030544266,32.76455833832598,32.50486986595468,32.09630197962054,31.543787110667672,30.959251259954637,30.51212764785609,30.537737607796544,31.14143876904288,32.282988977634744,33.59705780657172,34.976790577890725,36.224589086837995,37.42561666349828,38.48597289039989,39.52570058932691,40.47744926074279,41.41351691410344,42.309396360066955,43.1471868110313,43.97951854051486,44.73315659662023
5.0,32.89368378145537,49.57256512505474,49.64162272545239,48.671723335371986,47.56984695138672,46.33941143992483,44.97304960240235,43.447697761302834,41.78204893277432,39.973337890314966,38.10627419938346,36.29294716976919,34.76384573771456,33.737626491496925,33.25356300988977,33.19157042046716,33.31843031478095,33.541731437640074,33.7792511856885,34.04393963014605,34.313500945960605,34.591223251735805,34.85002292296873,35.07332063088472,35.238852602300376,35.33356997126634,35.3511868128126,35.289972836096524,35.15690196414964,34.95854558607353,34.708879561324856,34.41844374305294,34.10367611682142,33.77683508126087,33.455253936427724,33.152575904122855,32.88592980455543,32.66780062649721,32.51049740941747,32.4200722106512,32.40105144043528,32.4545136603743,32.58338622748586,32.79061032888119,33.08018565366376,33.451525257908294,33.89780677799219,34.402533601904466,34.94284380623603,35.49184738384265,36.02435434106254,36.51864558669128,36.959089880529866,37.335239673656474,37.64206183263104,37.878221767991676,38.045632502814584,38.14787367887047,38.18961886590061,38.17532084663376,38.10870950731175,37.99195920281857,37.82561205066302,37.608567983872234,37.338726059403136,37.013839793840745,36.63284439616471,36.19739924819393,35.71372370323213,35.19455283965057,34.66068943260643,34.14146390654389,33.672344309410974,33.28894532497636,33.01796556997531,32.869403032249856,32.83490371381082,32.89368378145537,33.02215296589329,33.20173886761701,33.42218296301339,33.68021091566032,33.975531384206235,34.30601867542609,34.66426094834723,35.03648714997364,35.40391457910014,35.74546595519388,36.04039687875931,36.27023382862621,36.41951654444421,36.475993655591125,36.43011050209286,36.274756671722365,36.00475552558896,35.61732194523188,35.11281213383184,34.49775595384561,33.789950309841814,33.02875425292552,32.288545433652224,31.688970621499102,31.375438525782243,31.450502344033133,31.900253563885993,32.605198588130044,33.42151010936815,34.23973271596517,34.99603200215808,35.65933015689623,36.218830429520594,36.67413538412341,37.03108364833193,37.29812963372527,37.48569888382323,37.60434781741891,37.664832237641434,37.67655463113905,37.64768404628385,37.58383725982977,37.48834324435012,37.36148793166259,37.20090932083163,37.001450406140776,36.75527025493252,36.45212464555469,36.078894957996724,35.62031098337396,35.05834599400057,34.37375122958994,33.548046202116,32.56895158722996,31.450083890376202,30.264188167606182,29.23305726402402,28.751871854700788,29.17021681082766,30.39149774262642,31.988735452461874,33.704041897128036,35.354613992199994,36.97327703751001,38.483910351279405,39.9617577201723,41.335888770939924,42.66284554222929,43.89098487756574,45.043698861679175,46.11454093035828,47.08351274863519,47.997238733279566,48.81469749646814
6.3,36.528212762345596,49.42039895173934,49.66050066137306,48.742933557309875,47.70871099567867,46.54710615964312,45.24852155411865,43.79563328398327,42.16468268663011,40.36117368129281,38.374515671242904,36.28971167520926,34.23695146460059,32.582461709903455,31.632485120753515,31.500979916268857,31.843718762363387,32.41359260510456,33.026500511591514,33.66804647438319,34.30913728249406,34.95505216812314,35.579873714048006,36.1670407819339,36.69416328687166,37.14743170211517,37.519810434914895,37.80853617819,38.01873051573339,38.155433873742915,38.229772335131244,38.250290901992585,38.229609641901526,38.17670428336812,38.1031767282395,38.01713077921711,37.92882030893413,37.84602878965022,37.77863665505501,37.73464178528482,37.72298562355164,37.74947979357658,37.81819590003676,37.92804498053366,38.07448106462831,38.248144331074364,38.43775655043465,38.630268561609846,38.81369291601941,38.977083774568925,39.11227644677996,39.213170245920345,39.276515584956684,39.30082839705947,39.2866395346099,39.23532522736216,39.14909821338349,39.02994422840915,38.87963645568932,38.69907457545922,38.488651537167165,38.248285205653644,37.978335027842185,37.68031658352503,37.35824377085825,37.01962816879436,36.676643555404034,36.346342215252314,36.04997024207753,35.810327261479166,35.647592351546194,35.57440484018487,35.592454966751546,35.69219145292331,35.85594249647964,36.062632475182575,36.292178844152815,36.528212762345596,36.759152405987834,36.97799670642366,37.18152835563564,37.36922905048116,37.542231182081295,37.7023457805917,37.851282890488434,37.990101602824694,38.11889552222648,38.23678487662739,38.34207703649766,38.43267173402248,38.50644572758276,38.56173811786539,38.59761384600428,38.61414188940019,38.61233255061143,38.59411553802892,38.56195501746329,38.51862620647507,38.466688422516945,38.40832054851599,38.3449159766794,38.27723142874809,38.205227560081084,38.12855975095005,38.046536535625094,37.95878024544567,37.86511943890073,37.76631947095064,37.66389094905077,37.56092090701784,37.46185055347418,37.37324577547677,37.303305546872835,37.261844975696434,37.258936585754896,37.30326696109479,37.400186871155114,37.549313111668795,37.744503232220595,37.97288947866224,38.21836173851521,38.46137355723394,38.68384780588597,38.86737816345572,38.9976333782233,39.06075028213829,39.04710728565716,38.9471388688259,38.75449318363776,38.46223952722753,38.06510345109249,37.555978159253236,36.92794801446712,36.16895189452171,35.27022066498924,34.21675853149288,33.036204395054966,31.82382761336648,30.948646591331617,31.021550293486683,32.29657281545037,34.326957103272676,36.45306176590936,38.50735035695034,40.32418440444211,41.98095708307715,43.429782883955895,44.73205325395139,45.89003281493325,46.90996352851315,47.848793543918084,48.666444414716075
8.0,36.595345813186015,45.993270491574904,48.31411136848071,47.54307071028161,46.697179677001216,45.771211005898834,44.75591569530232,43.66123436356402,42.45774183137491,41.17888456196171,39.79576937373565,38.35745783903064,36.85712149590581,35.36521267156465,33.918760503354285,32.61324072335658,31.518495274072148,30.703580038818213,30.185757735671437,29.940026118906058,29.91089269652172,30.03664242686364,30.263770097822356,30.55480671650799,30.886789179152792,31.25050355251237,31.645889295698233,32.07705863810557,32.548379045708586,33.05879649854175,33.601809679831284,34.16406453240401,34.729440573287896,35.28041268494773,35.80155840955323,36.27999028955162,36.706444274416874,37.07461068351607,37.38106423059292,37.624433000074895,37.80519625668151,37.925063476324716,37.98690509973978,37.994369116157486,37.95193752541527,37.864721034047776,37.73863600641161,37.58035703973017,37.39762198713576,37.199315593717174,36.995740759580265,36.798541134928115,36.62040679673689,36.474141037017304,36.37121647367315,36.319907051894624,36.32360238712953,36.37994082235079,36.48114439694356,36.61560560403928,36.770020236447955,36.931564321033306,37.08942359257548,37.23566935325066,37.36532939051341,37.476019696878865,37.56708925294684,37.63868052288438,37.690665340310225,37.72181460924691,37.729202495158674,37.70805322486744,37.651952227283246,37.55342044581557,37.40468639393995,37.19860983646491,36.92970943113784,36.595345813186015,36.197201997551005,35.74314791292386,35.24948650404851,34.74304228628583,34.26170017362673,33.85092792478576,33.5542218501982,33.39899822955591,33.3854224557176,33.48623704034028,33.65783777174585,33.85448289764439,34.038196253784456,34.18256300742805,34.272551018313116,34.30275658396783,34.275564868925045,34.199591431816955,34.08842281441431,33.95914178645369,33.830548391839834,33.72059656727459,33.64377859669648,33.60859972449027,33.61672000027179,33.66335761227441,33.73969333581722,33.83526743297097,33.94075092648364,34.049156715308555,34.15681740771241,34.26273813438201,34.368149379109056,34.474898550350034,34.584641663974146,34.69739524438745,34.81144930953815,34.922924409978236,35.026811367592636,35.117310509217944,35.1893012534294,35.23848993394956,35.26244159627551,35.25987153420943,35.2309787441317,35.175817833113534,35.09428962511061,34.984110992327466,34.841303541256025,34.658580009673365,34.42704870152696,34.13527195695228,33.77217093463203,33.32637848460239,32.790686972349484,32.16255082879564,31.453963230935056,30.69993376183953,29.98427451073009,29.461967612546683,29.346117286532063,29.814116592831898,30.835472028622913,32.24151452649001,33.80485758842681,35.405266548770015,36.95094527937332,38.41901180575427,39.789195074637455,41.05585257581714,42.22853488585304,43.295084223053536,44.27998135301103,45.177996027740974
10.0,33.610330774538674,36.85022504502604,40.85584591957573,40.54493165861438,40.208812449343235,39.86346428755264,39.49420549239271,39.09844068777397,38.66749704486655,38.19638395455164,37.68345005778124,37.118855959964876,36.50537560225403,35.83142822981033,35.1015360755212,34.306761054954386,33.45454730913857,32.54549434957141,31.598057632852196,30.635653094880034,29.703840649748045,28.861719040603745,28.17864795877163,27.708399151414408,27.465696962618903,27.416218106019446,27.495623557677803,27.633987436652227,27.776855231180836,27.88715736080828,27.94698441005073,27.950144869746772,27.90262092398311,27.817151501331672,27.714901553429094,27.620860554885933,27.563574477772054,27.568336753853448,27.653944319445507,27.826508220970794,28.079908729503146,28.396997302626687,28.75584390081073,29.133806084787082,29.512053088835522,29.87662897159678,30.21950056286109,30.53764028584393,30.832760382598245,31.10991761378385,31.376792869681406,31.6419482055776,31.913661575268854,32.19805226534021,32.49812497660693,32.81285019216989,33.13748627803904,33.464179687029116,33.783340223110436,34.084745702269934,34.35876117215426,34.59691386787928,34.79243324466178,34.94029234948844,35.03732426138314,35.08211106198209,35.075029890982535,35.01823498656568,34.91582199268987,34.77395964010391,34.60112015649696,34.4081719112038,34.20829255989013,34.016423050955126,33.84814432626577,33.717874058625796,33.63669845896887,33.610330774538674,33.63797887134373,33.712521618680825,33.82196299978753,33.95155478126088,34.08591930340887,34.21064159885758,34.31319430243042,34.383278047579594,34.41276678722147,34.39546229046805,34.32676602716577,34.20339137497582,34.02312266666966,33.78468749971965,33.487722375140486,33.13289991543533,32.722232165285455,32.259631274436515,31.75183084088589,31.209702127527265,30.650080986224452,30.097721748808336,29.58672952261886,29.15950819256249,28.86131768046326,28.729253096090652,28.779931024138612,29.002646467416984,29.36392120652879,29.819052494774564,30.32427828067563,30.84327277227619,31.34938310379454,31.82423287452466,32.256134021332656,32.63781284214333,32.96528662627815,33.236448771410274,33.45074758458975,33.60836734196203,33.71036493102468,33.758126337674796,33.75376751493072,33.69969028988564,33.599213782576875,33.4561367873596,33.275633423707426,33.06375687818874,32.82861904818213,32.57969904379843,32.32911535720392,32.09045114146549,31.879324636951974,31.71158089156693,31.60165322377535,31.561723577888586,31.596434055110485,31.70848492368236,31.88745915630133,32.12901185404683,32.41108431802782,32.73174231343916,33.06368607101863,33.414670054297304,33.75558085676272,34.10473881819482,34.4331387406761,34.76480136109852,35.075514925474145,35.38495869054178,35.684126235943324,35.97326179227669,36.2753132297004,36.55675582783627
12.5,36.92846896680771,40.71997212151317,43.50012573005137,42.81566876471591,42.103586586372884,41.39546505052209,40.672362066608976,39.98689741212688,39.3360717581882,38.77027798781412,38.28769110832106,37.91960091079323,37.6497699386073,37.4839100177497,37.395595029869874,37.37944916314731,37.414375817132914,37.4962881516566,37.613472738742274,37.763022036451176,37.937272819042114,38.1310771723729,38.33668595993253,38.54675257453182,38.75362802534268,38.950281445751614,39.130846366958316,39.29043377044307,39.42563817615121,39.533893385383145,39.61377460909656,39.66429001659775,39.68509353228535,39.67588377282227,39.63661787175502,39.56704941953364,39.46698308422313,39.33593755130945,39.173448630658676,38.97885312198389,38.75162756590263,38.491297595707074,38.19782084778351,37.87160318788273,37.51394575477826,37.127111623240765,36.71482526882982,36.28232259980631,35.83675318428745,35.387058626415,34.94398645205599,34.51953534125646,34.12637658866671,33.776786827813254,33.481801397991276,33.25022042452683,33.088303491019126,32.99950312405614,32.98479540756074,33.04273476571707,33.16969642138312,33.35972287882087,33.604660147354025,33.89423181042568,34.21663553619707,34.559182763842415,34.90918111583132,35.25462822611953,35.58481746855683,35.89062598435497,36.1647180090888,36.401480209867294,36.597011601013186,36.74897759104979,36.8565863006252,36.92054527453268,36.94315780186489,36.92846896680771,36.88254623472083,36.81378765890426,36.733249127069655,36.65475699545552,36.59461179642828,36.570513825048764,36.59957254114086,36.69547173791631,36.865562702761125,37.10887048886597,37.41599553388287,37.77087637252288,38.1537552633718,38.5441029704768,38.922881903215234,39.273732233999965,39.583418649999075,39.8416876364797,40.040966197369286,40.17595517558814,40.24336358301668,40.24169739930538,40.17129536981035,40.03445950295574,39.83588280504232,39.58318320054622,39.287733657405965,38.96541165887284,38.637270728967195,38.32922307990364,38.07044856819936,37.889459879704646,37.808829295034016,37.83959892739851,37.97888991376495,38.21103106713794,38.51268591686239,38.857881373392104,39.22271600362252,39.58690634968037,39.93493824344954,40.254927596039735,40.53863652865633,40.77990342858497,40.97493978184718,41.120972927173995,41.216992475842275,41.26257912775259,41.25892969290861,41.207815723050416,41.112639755013106,40.97757360308342,40.80828127739097,40.6114291398917,40.39446013147844,40.165965604890644,39.93356427731154,39.7063612547321,39.4895422793168,39.29155584489919,39.11293932561481,38.962677641163296,38.83621239382225,38.74712390019575,38.68618333689157,38.67517117387472,38.69943543732171,38.786694968130575,38.916398941249184,39.11134476658822,39.35190238728354,39.63985390257306,39.97517309644251,40.328687686423955
16.0,30.61953446598107,38.13083584675958,40.864049259905606,40.69771301681364,40.5586794079747,40.42878967978071,40.32869766544942,40.23380302094898,40.14879038417433,40.06450682552739,39.97263517066858,39.873245753189146,39.75143574040778,39.611604118038585,39.43808131129163,39.2364232920984,38.99396687093963,38.71623957373866,38.39556496355407,38.0379611249657,37.64207385456962,37.21636922446174,36.76749687411233,36.30929577846706,35.857996366349056,35.434302384017315,35.06152244912112,34.761373704199016,34.55200479110809,34.44131352472916,34.42763767575275,34.497992026157384,34.63368857571086,34.812726859723085,35.01469381829336,35.22188673506058,35.4207087507708,35.601180579025176,35.75662671727747,35.88296388452895,35.978139389270154,36.04166029146922,36.07413487519401,36.07697351601716,36.05198964948138,36.001140958590625,35.92615711219656,35.828303215748235,35.708110225413854,35.56526473427664,35.398541446559086,35.20591434757185,34.984712118903694,34.73189865154049,34.4443699995531,34.11926927107003,33.754338368260555,33.34824070791562,32.90097829589471,32.41437447829571,31.89270560851961,31.343603200697633,30.77908719016447,30.21674837638614,29.68047168298159,29.199921985808075,28.8076774152131,28.533305249812017,28.39572156622209,28.39716738745278,28.52250742702396,28.744303743890786,29.03068841517637,29.352055086033737,29.684889811577555,30.012782541611518,30.325864355194412,30.61953446598107,30.89311914006668,31.14858672600676,31.389496385770038,31.620014691291534,31.84415544307944,32.06507217851494,32.28460394006169,32.50294292672693,32.71858622348915,32.928419344931115,33.12802092036388,33.31197766157978,33.47431125035585,33.608779176491915,33.7092273730391,33.769766154868336,33.78501801929683,33.750222576616764,33.66150440685159,33.51608049190061,33.312780209552066,33.05267159383459,32.740233244830165,32.384869847531306,32.003091308124944,31.620729274447324,31.27438407123277,31.009684073153537,30.87398358941954,30.903274565374335,31.10878833716403,31.47254656837484,31.954970884289786,32.50926056536674,33.09285474648639,33.673275689257125,34.22828092670259,34.744371059201235,35.21402513113011,35.634036709310465,36.00356826664594,36.32351183694627,36.59534772657021,36.82114918490301,37.00286590565827,37.14263657612994,37.2423211930305,37.303937381246165,37.32940871942915,37.32096900814642,37.28117736122209,37.213077051549256,37.120591241425174,37.0081161900982,36.881444554600364,36.7463990047151,36.61042161732469,36.479959196381834,36.362816498859246,36.26447994432438,36.19118827997943,36.146120899058545,36.13263786765573,36.15162056278859,36.203715341109785,36.288406816032,36.40477063880932,36.55079562324574,36.72550855163073,36.923222038298825,37.14548073441118,37.379456706338814,37.633555300300024,37.88648047236766
20.0,19.55005687980124,38.141425016054875,43.207795233986786,42.58220833296547,41.912499077502396,41.17254217450218,40.38468491589999,39.519915727502955,38.587267941934414,37.57317033439684,36.480020063404574,35.305142699931885,34.05502801664556,32.7416102207897,31.39611104723248,30.065490983420116,28.838254603376306,27.809645954570357,27.085650616105852,26.6886074478168,26.58090794537927,26.65424151826764,26.81467716830688,26.984337797687324,27.120519123836008,27.199020950628597,27.209418837833358,27.14977882610649,27.020403651085573,26.826427022070582,26.572139208569403,26.266316761182125,25.917571293937037,25.539715550745964,25.147904916729658,24.761607717420926,24.400073211047694,24.080775448511268,23.814246300758064,23.60085714088804,23.430595615881735,23.284132031222686,23.138947699820168,22.971788689242217,22.764621413905953,22.50416219667347,22.18550095406211,21.809706965505743,21.386172981875067,20.929207926360988,20.458439989369552,19.99342490325266,19.551371931901624,19.141456703817894,18.764341688599096,18.412166053081428,18.073606419275887,17.738364192988602,17.402527697889973,17.07123910560337,16.759845270179067,16.491698043822595,16.29327174622841,16.186693515774962,16.18295556165986,16.278615395882557,16.45823410898261,16.700082921596493,16.982315491188498,17.2866955878517,17.59985032358575,17.912687643081956,18.219210413120003,18.515341804244528,18.798168050494045,19.065626468262685,19.316415135346226,19.55005687980124,19.766830184187178,19.967542354782438,20.153112931902065,20.32404674949308,20.47996860291176,20.619365530421593,20.739686277814545,20.837853667916658,20.911161512233228,20.958408548001906,20.98112659996168,20.984656473751038,20.97874997946584,20.97728686346251,20.996727236688947,21.053012708534364,21.157678617940817,21.31416586416707,21.51647036527745,21.750255209246756,21.996673380116853,22.236268727951916,22.45286915865143,22.63541149792687,22.779470955354853,22.88702483231028,22.966609808250862,23.03182537748401,23.100117366158138,23.189444909662882,23.31535219750229,23.48691437291023,23.705117521634122,23.962241709516746,24.24451387694703,24.53479137989667,24.816305565881393,25.074534246792002,25.299190108841184,25.4844739472562,25.629964155446707,25.74033327335296,25.82584548788234,25.901536692874487,25.98637893943705,26.100635917521693,26.262490703110423,26.48424909910282,26.76938342104268,27.112671868327233,27.501823313180665,27.92196581284997,28.3584695210898,28.80012078413865,29.239563313191734,29.673472876385397,30.101495160529673,30.525233354005206,30.946656413192947,31.368497395605317,31.791144916531145,32.217380922394405,32.644968064744475,33.07810068040513,33.512829740163625,33.955559558010826,34.40169568223017,34.85773919719047,35.31934154045029,35.78887657698165,36.26383916109822,36.739426754594426,37.21755896730269,37.68564911580643
25.0,40.28359467757116,45.38365698867328,44.731506819509626,44.576237310603126,44.42559851422108,44.27850644050488,44.13732730795629,43.99835624108271,43.86196000087196,43.72693069692652,43.591927304065834,43.45641590208305,43.319217755840846,43.179629776073156,43.03731316161152,42.8915171722235,42.742796494700535,42.590793264420086,42.436836167674024,42.28133741771443,42.126244864851145,41.97285573924038,41.82350580037909,41.68013968347875,41.545073663092666,41.42032542727931,41.30762028983314,41.20834320275263,41.12311495621617,41.05219216208408,40.99493457207436,40.95045710336164,40.91717971692498,40.89351836683855,40.877550049698435,40.86757925870263,40.861873021248805,40.85903094779066,40.85774754156061,40.85699724737074,40.85581955990348,40.853375093730804,40.84877512473882,40.84108429420613,40.82922474777344,40.81198721505583,40.788032562335836,40.755941353126126,40.714303984192185,40.66180569206368,40.597363522725516,40.520219113240174,40.430077088082676,40.32716781446139,40.21235645558451,40.08714151479289,39.953716778737224,39.814896574512176,39.67410788405126,39.53524933038263,39.40259572645089,39.280600246709504,39.173722153476035,39.08617634841975,39.02171912685298,38.983377122230216,38.97325717886954,38.99234605395374,39.040435267962835,39.116093698208175,39.21678691694591,39.33904640709132,39.478748189873556,39.63138760494,39.792385969511166,39.95734090726736,40.12223713494197,40.28359467757116,40.438557364094045,40.58492632552856,40.721154432464246,40.84630130394256,40.95997365833281,41.06224034125694,41.153542159757386,41.23459764517996,41.30630588066364,41.36966466931565,41.42568798641943,41.47535055077047,41.519538100959366,41.559031208052126,41.594489360375306,41.62647314224938,41.65544637261479,41.68181696955578,41.70593434861808,41.72812655737871,41.74867241519151,41.767820884540676,41.78573786956044,41.80251692357671,41.81811845674443,41.832399210563125,41.84507081613988,41.85577276182105,41.86407068147751,41.86957540153194,41.871975564151505,41.871175300320296,41.8673292964947,41.86095184393632,41.852907357963915,41.84443725996573,41.8370689420116,41.83252305286728,41.83254394351222,41.83869449956666,41.85218097409824,41.87360359851595,41.90290930136554,41.939179556128664,41.980835849566766,42.025466874873,42.070320664297675,42.11207098438838,42.14753891463454,42.17328604151913,42.1864734363391,42.18429480391084,42.16483395260941,42.12658040195616,42.06898480452927,41.99263926452073,41.89885407290791,41.79156663189111,41.67464346729978,41.55709959469868,41.446034123085525,41.35689130267249,41.29943506406463,41.29385395535034,41.348640438434884,41.481102824149794,41.69189199778678,41.98521079492351,42.3522266050448,42.781157745910804,43.26117030599127,43.7714173181325,44.30596632376169,44.84611380740131
31.5,35.271906551975,41.676635798348265,43.18212173677143,42.582372388570484,41.95433128071974,41.29770014629946,40.616649637699695,39.91823635052127,39.212159583569694,38.51352082020048,37.83743617961001,37.205666377591776,36.63433508881178,36.14236456454108,35.736168981715444,35.41948257879215,35.18253214903459,35.013566083782095,34.894274347596586,34.80894415841433,34.74205138180936,34.68256628826228,34.621954564156965,34.55517868420072,34.47941315039602,34.39362822673277,34.29819451837277,34.19400436903054,34.082839050811316,33.96641121546162,33.84723455715882,33.727671070823185,33.61095953684709,33.500166413624356,33.399046331895974,33.31083299500284,33.23882944393692,33.185223633409734,33.151604401514234,33.13813326111734,33.1442208727044,33.168151786410036,33.20784034309684,33.260652112232435,33.323972070567834,33.39497989797416,33.47095726532383,33.5490373246804,33.626417119264104,33.7002213824629,33.767764255163556,33.82655551024034,33.87457852518238,33.91033636836564,33.933036808846296,33.94257273232026,33.93956433071827,33.92525651896785,33.90147173903309,33.870488899459986,33.834993137891786,33.798006919470545,33.7628731261236,33.73322423193402,33.712937149100284,33.706024204660025,33.7164513982045,33.747864938181884,33.8032557257319,33.88461347112689,33.992630781547476,34.12653025636912,34.2840542858886,34.46161700402125,34.65459469555918,34.85769251904921,35.065312821464644,35.271906551975,35.47223696075079,35.66157511439909,35.83582042384626,35.991552969942504,36.12605178806724,36.23726999396801,36.323805004205525,36.38485532956667,36.42019271838142,36.43013459884097,36.41554317798055,36.37782212994189,36.31893541799728,36.24140256750594,36.148288539188826,36.0431352595798,35.92985485354049,35.81254175224754,35.6952419080518,35.58167153728744,35.4749511662338,35.3773898565636,35.290355669905104,35.214288697561194,35.14878678857307,35.09283406267539,35.044977926214095,35.00359931593628,34.966993614320145,34.93356009648718,34.901725730854885,34.87008928726844,34.83725770629861,34.80204556716057,34.76329518018949,34.720174107067095,34.671965290578264,34.618432893504625,34.55951261869797,34.49571802735334,34.42768989538811,34.35668638198413,34.284011335594414,34.211695005428375,34.14182832265987,34.07751904924182,34.022087739892136,33.98023802135469,33.956962539565,33.9586486675699,33.99153889755891,34.062362910526495,34.17652818551935,34.33808272680696,34.54854380323846,34.80643135799208,35.10793911635761,35.44617722391793,35.813832902679714,36.20181074458293,36.60260062203284,37.00851878327518,37.41397014420872,37.81473052901079,38.20728177098769,38.59122367018385,38.96416951110809,39.328730621123434,39.682823688308304,40.03027503298568,40.36968100729398,40.703412376933784,41.03210772357475,41.35622828812404
40.0,32.43200275965198,44.76389812791962,45.955553736300956,45.472359411058605,44.96478625960386,44.432493708627625,43.87104094927623,43.283300744252635,42.66529125598389,42.02019369817226,41.34551208850715,40.64464003595381,39.91688095354615,39.16650767160136,38.39531551988124,37.60987406306129,36.81613167450759,36.025493726862265,35.250951947504696,34.51189900259037,33.83058238205204,33.23389337381275,32.74783424991209,32.39433940140369,32.18479700529363,32.117215173993635,32.176676602638125,32.3390880643448,32.57725745238487,32.86484595621134,33.179845824648424,33.50476320084439,33.827075498754105,34.13790860643333,34.43169159068869,34.705006467875585,34.95627376945767,35.18503719981258,35.39177679080265,35.57747442353636,35.743508500294745,35.89136673233532,36.02256661995129,36.13847600552486,36.240246443590365,36.32873475366534,36.404465348101176,36.46764220746726,36.51816258050633,36.555694464713795,36.57973333150216,36.5897055720341,36.585033679712666,36.5652333513384,36.52995241962641,36.479035999344006,36.412526265269676,36.33068583812368,36.233959851374145,36.12296420204019,35.998410066479956,35.86107357054223,35.71169863928711,35.55096078558532,35.37938416369792,35.19731711275736,35.00491782563466,34.80219153491462,34.58907341946555,34.365587681574475,34.13203303621428,33.889276717118406,33.63903005300366,33.38420022287288,33.129165862168946,32.88000207313252,32.64451424244798,32.43200275965198,32.25266474120674,32.11661177384065,32.03258468685523,32.00663788934191,32.0411159176508,32.13426393332381,32.28057416834459,32.47173573325185,32.69787206389226,32.948727926049884,33.214576683441,33.48677329876343,33.757998483176706,34.02226862349053,34.27483724000576,34.512023864346844,34.731051808569276,34.92989628588945,35.10716812003786,35.26202020793433,35.39408364506016,35.50340743739696,35.590423515063605,35.65589456123818,35.70087923799998,35.726667104423015,35.73472908169633,35.72662773390379,35.70395260417691,35.668213417566406,35.62077500493538,35.562754393029635,35.49498480609265,35.41795016187092,35.33181053253734,35.23639704521859,35.131322424306134,35.01604550570184,34.89006783193804,34.75305102145459,34.6050898378511,34.44684488188639,34.27987193387163,34.10670524048235,33.93119965668124,33.75845362002417,33.59507658030178,33.448783353994045,33.32846726294698,33.243336203296955,33.20276523203231,33.21513648562953,33.2876587566196,33.42548189572839,33.63164645738692,33.90703430591349,34.25016747320872,34.65808645732784,35.12557499520656,35.64669776720313,36.21368627363615,36.818463395493595,37.45231577500609,38.105973326020546,38.77172198689558,39.44003029994449,40.10585017383501,40.76005249778611,41.40103727337396,42.02061081796409,42.62023983646087,43.19353576708443,43.743647890303386,44.26702692761027
50.0,52.56916494851666,57.14823015520062,60.41003084223854,59.88725341349075,59.3365948506866,58.75572322720089,58.14440148242235,57.50121623371906,56.826630241588106,56.123224822549005,55.394771912380925,54.65007034854877,53.90159829663763,53.168795889266896,52.478429689202805,51.86267097199622,51.357993187923455,50.99381588762871,50.78848873593675,50.7382301045004,50.82286444634601,51.008671751630615,51.26051014891624,51.54608865567354,51.840387118766074,52.12524300625233,52.388462990253466,52.6225600607188,52.82310651967242,52.98817906590165,53.117185557358475,53.21083881662362,53.27044868152078,53.29811810465007,53.29633341361736,53.26820540406057,53.21723450864106,53.14750415308994,53.06352295278235,52.97031210821345,52.87321681966513,52.777837081733836,52.68973305311978,52.614178024834985,52.55578010702405,52.518156667911995,52.50363589689974,52.513080043473444,52.545859055430356,52.59997147526587,52.6723142401623,52.75900482366702,52.855756727904755,52.95818596967419,53.06208805439102,53.16361026134465,53.259365282578685,53.34647333364948,53.42256878965054,53.48576891281959,53.534647337533066,53.568183797630695,53.585741600800546,53.58703556915899,53.57212615528027,53.54141237482136,53.49564316748953,53.43592532762059,53.363742371783744,53.28096350784576,53.18984256732945,53.0930085210522,52.99341885357034,52.894296724252364,52.79901899254796,52.71097645047452,52.6333997767109,52.56916494851666,52.52060151476627,52.48932541767297,52.47612003009689,52.48088668690764,52.50267014708275,52.539757572407694,52.58983247967305,52.65016305782293,52.717796737893075,52.789746094898476,52.86314436219592,52.93536815261721,53.004124266686304,53.0675029013161,53.12400550061778,53.17254910329908,53.21245389091988,53.24342010628455,53.26549249823886,53.27902104798051,53.284611189446295,53.28307230409016,53.27535961039523,53.262516188772466,53.24561352528798,53.225697199277505,53.2037392328328,53.1806000591775,53.15700804749127,53.133545374873236,53.11066057288387,53.088674902577694,53.067819456972984,53.04824264820788,53.03005500553582,53.01331255443901,52.99805884417925,52.984267391648345,52.97188599679002,52.96073794650373,52.950594560038255,52.94104290752959,52.93162353300235,52.92166971423234,52.91054373564856,52.89743960210237,52.88173926148559,52.86276198342058,52.840242575847924,52.81401916088867,52.78460126715375,52.752820552026954,52.72038548344525,52.68958228886076,52.66357567541107,52.64635422025652,52.642338337645356,52.65693192261635,52.694824708504626,52.76175162161988,52.86090418390937,52.99669559973328,53.169057203767444,53.3797723520377,53.625037185026045,53.90387897897331,54.210112760484066,54.54083068316309,54.889825154105985,55.25306570892703,55.62633558752975,56.00491241330917,56.38722610584884,56.76872853675179
63.0,49.32785887932599,57.65752401328412,54.72309611208503,54.39898257636763,54.0766994319005,53.75720343173896,53.44342621095346,53.13407652578248,52.8320271754592,52.537545865306356,52.25169403924214,51.97593129177969,51.70986970661848,51.45523445216558,51.21074964679068,50.97762865650474,50.75411612453355,50.54051770076412,50.334895392289724,50.136710313066814,49.94416519961164,49.7563243310439,49.571925594883204,49.39024353216226,49.210896401717434,49.03386403028872,48.85980813593055,48.68965632051443,48.52506902419893,48.36789448738757,48.22055723364372,48.08553749811594,47.96557722445434,47.863207255533254,47.78075883898452,47.719958170599845,47.6818382898424,47.666499931540606,47.67308038721255,47.6997767115511,47.7439693097394,47.80246477763718,47.8717111815801,47.94809830602996,48.02812661251558,48.10863471457086,48.18684841332082,48.26049760467199,48.32777039869814,48.38734508097926,48.438303323264364,48.48011741213127,48.51255802679142,48.53567481344929,48.549720620281875,48.555151293506434,48.55258442315578,48.542829645895075,48.526888934204074,48.506007816409955,48.48169163075215,48.45574198664386,48.43023998294527,48.40751845122458,48.39007166547893,48.38044187424681,48.38106542043025,48.39411790161571,48.42136459463362,48.46404983599455,48.52283271984217,48.59777260643227,48.68836563262369,48.79360444568614,48.91206226235093,49.04197412856922,49.181312064304464,49.32785887932599,49.47926978691542,49.63313369900851,49.78703370010666,49.93860051608985,50.08557222286005,50.22583795119918,50.3574807574733,50.478810118106736,50.58838725360972,50.68504872251723,50.76792404856923,50.836450852854284,50.890393295244756,50.929851255071306,50.955275352949805,50.96746540974472,50.967571430157825,50.957074022609746,50.93776693456273,50.91171284026538,50.88120570875312,50.84870051030351,50.816753694688195,50.787923218099245,50.76468310568976,50.7492908397331,50.743684399018576,50.749335088328856,50.767162398386674,50.79742411111703,50.839706938640205,50.89290619187103,50.95532436222727,51.02474056252491,51.098585434108244,51.17404382943552,51.24823388772309,51.3182782091864,51.381441591451505,51.435145157914974,51.47705949293416,51.50507993818928,51.51739989929153,51.51247971704883,51.489131068401534,51.446511042070426,51.38424528928225,51.30248504573268,51.20210188213977,51.084852982441014,50.95368797953953,50.81304572211938,50.66926619658225,50.530898190655265,50.40896766522263,50.31679896569106,50.269418806239266,50.28209086763706,50.3682303568924,50.537109667996596,50.79161007072664,51.12815370834276,51.53637754710851,52.00290224639779,52.51127844488856,53.0472796651938,53.59651252922057,54.14915575834471,54.69615876502623,55.23201508944743,55.75323705142874,56.25618315869859,56.742375087963914,57.20888609072921
80.0,40.174847451286524,51.68636564563451,51.86636309834505,51.332129260502555,50.784239094090566,50.22665410412852,49.6650553719963,49.10793863573285,48.565403226429794,48.05002358179604,47.57447979835163,47.151597814224225,46.79121041184716,46.49941188194258,46.27672165399083,46.11822043128061,46.014543094695064,45.953277018970304,45.921267408984846,45.90570513724961,45.89569745349684,45.88235921973239,45.85935249508481,45.82245235166432,45.76957035727476,45.70025320926665,45.61556991176427,45.517692195818796,45.40978644781552,45.29567813156962,45.17975570229897,45.06667298078321,44.96122350130814,44.86800987321014,44.791248445179846,44.73439313223689,44.69992356690795,44.68905572576189,44.70167489167612,44.73631362721427,44.790347610627876,44.86024431588592,44.94192258332785,45.031072630604314,45.12346015141202,45.21513839228344,45.30257702934595,45.3827206640701,45.45297756898644,45.511174445611516,45.55548651904879,45.584352981154865,45.596398508043315,45.59035697353834,45.56500713092552,45.51912221120179,45.45143723765281,45.36063321571411,45.24534799181363,45.10420888597203,44.935881696896296,44.73916437198531,44.51308075205528,44.25703216014807,43.97096639320434,43.65558905355286,43.312663924042305,42.945337929039454,42.5585915645162,42.159708052292046,41.75872426998282,41.368751786042,41.005814163275794,40.68799434450716,40.43352634423226,40.257985624730885,40.17117846673547,40.174847451286524,40.26222301259976,40.41963013734297,40.62941937496407,40.87304744192429,41.133428157787996,41.39623488323188,41.65030680720537,41.887495307054,42.10223211389325,42.29105386200607,42.45215601353161,42.58504371910672,42.690265558663924,42.76922099097337,42.82401437991523,42.857333043824525,42.87233077543017,42.87250821724022,42.86158859780946,42.84338978058362,42.82171342024127,42.800244222431246,42.78248609119571,42.77170175093879,42.770873863935144,42.782628776691006,42.80915279147683,42.85204832174048,42.912197405972336,42.98961525577695,43.08338519603653,43.19165780121455,43.31177906626291,43.44048661422927,43.574187299410276,43.709233876602205,43.842184141418734,43.970008162108385,44.090215744884816,44.20093936346775,44.300914696806814,44.38946806703403,44.46638085858001,44.53183192803217,44.58618208799679,44.62992227304058,44.66343105945724,44.6870016581543,44.70066010988937,44.70436317063148,44.697979212346056,44.68169980892789,44.65625853063485,44.62348144178736,44.586741714229355,44.55142384511432,44.52542591980078,44.51910413471937,44.545198523529876,44.617706060590905,44.75024913153602,44.9542814185903,45.23594195929589,45.59645690254648,46.029058272051685,46.52419340170088,47.066435960896925,47.642481905432845,48.23682283508687,48.83843139522098,49.43690666360296,50.02486597310018,50.59787459598007,51.15189689519832
100.0,38.300360318486945,42.32261487213151,44.65715033183203,44.08506007689016,43.5003924643442,42.911169788246156,42.32245937855147,41.75117973301739,41.20866848984545,40.71164548344165,40.27067047997245,39.89543625615323,39.58670961502244,39.342287439749796,39.15205334454688,39.005578291052025,38.88908487967331,38.791693840336464,38.70293956595377,38.61628740953902,38.52722002011706,38.434689060404914,38.33988512126583,38.24638759622355,38.15924953404143,38.08423457954059,38.02689938380172,37.991450095049196,37.980139616451474,37.99263838142067,38.026318257108976,38.07655949593004,38.13770846509823,38.203741815268494,38.269100317674905,38.329054968676665,38.38003803688145,38.41963094102011,38.44654901385318,38.46046848850059,38.46190318238301,38.452025220188595,38.43253394081977,38.4055005033893,38.373230037333116,38.33811352952609,38.30248997542466,38.26851747411257,38.23806726042805,38.21264339156188,38.19331517116368,38.180668757504044,38.174749000381475,38.17501387209465,38.18029717819193,38.188821343593474,38.19828198358092,38.20602714010149,38.20933079471489,38.20574140586259,38.19345025399445,38.171637155428144,38.140720202394974,38.102466226869424,38.059910369885024,38.01707020178933,37.978472264297835,37.948541149725315,37.930973128040954,37.92820889351826,37.94113559154165,37.96907333869596,38.01002377110314,38.06108728007703,38.11892359294751,38.1801448101014,38.24157310993248,38.300360318486945,38.3539891637692,38.40021576700064,38.43700033823909,38.46246631394857,38.47491157711094,38.47287015693028,38.455220369313395,38.42132172369731,38.37116423985233,38.30551185353242,38.226026923458406,38.13534667611525,38.037091574262426,37.93576775285947,37.83653311286814,37.744812284984484,37.665788555287094,37.60382303316777,37.56194540852159,37.54151112250017,37.54217246128115,37.562133448297395,37.59867906840015,37.64877191307606,37.709634255130354,37.779098279048334,37.85576052834157,37.938827250767886,38.02783762562596,38.122228240370156,38.22099859880613,38.322412723528316,38.42396870754903,38.52244974134247,38.61421865428229,38.69547433688432,38.76262558610658,38.8125068857006,38.842660546469844,38.85143163945405,38.838172109375286,38.80328113159142,38.74840332978596,38.67645056063093,38.59175748947891,38.499967841629086,38.40792800148126,38.32319865059823,38.25345386597817,38.20558220393816,38.18481265703006,38.19399191860182,38.233228148750165,38.30010392421306,38.39020650456446,38.498134930925886,38.61819811432949,38.74554954001554,38.876074215810306,39.00775345612996,39.138975150691046,39.27127601281101,39.40503016892202,39.54523688157807,39.69308902755868,39.85622087869131,40.0351782897578,40.238099468523075,40.46365888392141,40.71712559282658,40.99559482574767,41.298532493020595,41.62376617797767,41.96572007497327
125.0,42.23342462339655,49.35573513188026,50.77116038329954,50.18277088574153,49.58131371645279,48.973286455393165,48.370915538095346,47.78555181283135,47.231754768773285,46.727774342850815,46.28374581768102,45.915280344747806,45.621503231444855,45.40558715472642,45.254955383691495,45.161192728597584,45.107725905187834,45.08313598003862,45.0747078347174,45.07454361106077,45.07650968052051,45.07803747964112,45.078694631359866,45.0802002759982,45.085433856482325,45.097900045444526,45.12072743757794,45.15620271535441,45.204995098446055,45.2661984637455,45.33713756407476,45.4139511110123,45.4918546118334,45.565856913842865,45.63105653079285,45.68313847425701,45.71849358084522,45.73446749222633,45.72937230898978,45.70262636231596,45.654760397929806,45.587533296040135,45.50391930882709,45.40813654581741,45.305472918328746,45.20203969100515,45.10426492097488,45.01828020926429,44.94914057061571,44.90014668788133,44.87229429561851,44.86413085794566,44.871927962377285,44.89023933949258,44.91259372636917,44.9322580862199,44.94285870148501,44.93886495221165,44.915859813906955,44.870677876782,44.80139784792008,44.70728021732821,44.58863167731369,44.4466747122495,44.28340144328992,44.10145989958637,43.90409440416168,43.69513311596448,43.4790559345851,43.26109403083435,43.04730354296233,42.84456571686693,42.66033715585897,42.50214693919986,42.37675824459542,42.289174528526736,42.24170631194448,42.23342462339655,42.260214970931294,42.31546147884614,42.39115139178526,42.479099037442595,42.57199249241176,42.66409836368125,42.751574744155214,42.83245833128617,42.906401321879045,42.97428381759664,43.03776672223654,43.09887877270978,43.159667041596066,43.22194467794965,43.287122530767384,43.35611491786159,43.42928517552255,43.50642503236082,43.586755277102924,43.66896717102415,43.751309544709585,43.83173419750012,43.90809200950278,43.97834990281312,44.0408103456853,44.09427184090214,44.13813478901157,44.17240040261217,44.197607598634946,44.21467737534464,44.22474986873206,44.228984194017606,44.22843130216101,44.22390962467462,44.216000090003796,44.205021980048386,44.191125991945185,44.17429607735297,44.15446350097361,44.131462809704544,44.105139231082866,44.07524837449018,44.04158603222853,44.00383991697343,43.96175369945814,43.91490397956475,43.86287093912054,43.804913333810305,43.740158861128634,43.66724318528512,43.584622336460924,43.49035761245085,43.38265554258328,43.26002153972194,43.12196838439303,42.96980486143983,42.80716652263999,42.64183502890376,42.485192510138404,42.355297166905295,42.2730417379976,42.265493236199994,42.355551478695304,42.56456283982401,42.89833274450241,43.35322709068234,43.910459662423456,44.54515956712722,45.23146808608522,45.942572207711606,46.66139109898345,47.36962608466108,48.059975480022075,48.72372102691544
160.0,42.00470132391027,51.29734543381779,52.37805238595673,51.71301015567393,51.01509955480574,50.28735044732403,49.538188909185905,48.77698525829295,48.02335840295552,47.29271985318433,46.6112367079342,45.99995904025881,45.47756477799859,45.056834614670045,44.73499023286184,44.50496828710627,44.345537928541496,44.23772326298109,44.15855243246634,44.09133218030967,44.022119886809115,43.94282908259048,43.850012002999,43.744308213814534,43.63032553513236,43.51469796287999,43.40566475992978,43.310716907141185,43.23564894653744,43.18295632206697,43.15152559691829,43.1368727733571,43.13205673909415,43.12915646029723,43.12038289210574,43.099400696939945,43.061808298141344,43.00588575504129,42.932582636140005,42.84593509631179,42.75277822057791,42.66274910568669,42.587361409965595,42.53896623907771,42.52870360047851,42.56450440262589,42.64908149732351,42.77914846968091,42.94580193090252,43.13625051507622,43.33602392448994,43.53110592456304,43.709486561860665,43.8620072939693,43.982634946237596,44.068312259686174,44.118566512216816,44.134970598034975,44.120540446357694,44.079078753159436,44.01454778374888,43.93049388101234,43.82962750256223,43.71361157068043,43.583126749623005,43.438194106678225,43.278764885278505,43.1054396075831,42.920277097119495,42.72750767229982,42.53401632240624,42.34939808740228,42.18532409421076,42.054117832308684,41.96658000662236,41.92956543851665,41.944083989568625,42.00470132391027,42.10051281558769,42.217294600587834,42.34003547677061,42.455120989691466,42.5518133880966,42.62300350091326,42.665410361279655,42.679410413500555,42.66861103201514,42.639199874648746,42.599056329619145,42.55661666327569,42.5195701963233,42.493575312439205,42.48128092841373,42.481940410039236,42.49176420190185,42.50494974532798,42.51515484253155,42.51710679152883,42.508100762897655,42.48918105016636,42.46586691948812,42.4481694832543,42.449667272865824,42.485359296099794,42.56849207406554,42.70701286795188,42.9009965934748,43.14209228476017,43.4152936136291,43.70209721459603,43.983824550966844,44.24408827940954,44.4701696281402,44.6534537093557,44.78929116050564,44.87662289186019,44.91749538987064,44.91664979770648,44.8810409091508,44.81944719817571,44.74184879085783,44.658839119319076,44.580663328683066,44.51637030886462,44.472705681939146,44.45346979473627,44.45898336387757,44.48631289364779,44.529752992422324,44.581839858614046,44.63434121195099,44.67937399736211,44.71010306180477,44.721797692905895,44.71175431899237,44.6811122425656,44.633402656884336,44.57867987695093,44.52913426365873,44.50691726199247,44.53348761342611,44.6401907234102,44.84811199183963,45.17895231943383,45.632757850041344,46.20125440806525,46.86010573764345,47.58105557675315,48.33586670253748,49.10090231531204,49.85556067479193,50.59095068793965
200.0,36.02716653238331,42.245361517244916,45.21793408828313,44.45951520089722,43.663305593652915,42.83904528550956,41.99748996848895,41.16762264110775,40.37935154002335,39.67606486010923,39.093895077594716,38.66370985932826,38.38838117268937,38.25459966279718,38.226692069798275,38.26957192246867,38.34782271441733,38.43739924391928,38.521153541672625,38.5905966144326,38.64249068176696,38.677678144829464,38.69968749108091,38.7131116472804,38.72305449650589,38.733670140965174,38.747903480175495,38.766623738313164,38.78887011867986,38.81184519463708,38.83172066709504,38.84416499401184,38.845234639889064,38.83184693146377,38.80231333653933,38.7564872357362,38.69587739155306,38.623530857412874,38.543856499911065,38.46235319153813,38.38521789513425,38.318925774150344,38.26961855451679,38.242515614606496,38.24120462627795,38.26714502095942,38.319303810025865,38.394245526548055,38.48648384009259,38.5892116162682,38.695079243521064,38.79699635652883,38.888714856555026,38.96521934176309,39.02283901431846,39.05919604185124,39.07296465215805,39.06358496164846,39.03092615369504,38.975018218997086,38.895840918502486,38.793259325477194,38.66705598260053,38.51710789328237,38.3436321909634,38.14749442139557,37.93054694891479,37.6959277711119,37.44833647039755,37.19419350214356,36.94164476276627,36.700361327100794,36.4809981415621,36.29433769900566,36.150096599692475,36.05561904622283,36.014742112012456,36.02716653238331,36.08855607543175,36.1913228515743,36.32585298682469,36.481806683879164,36.649213244418135,36.81919589336494,36.984321288496034,37.13865999067612,37.27764363893645,37.39785447544355,37.49677836034469,37.57261618555929,37.62413657073255,37.65061704191404,37.65183136649623,37.628116753781875,37.58046241363655,37.51066071237294,37.42145770855791,37.3167273799187,37.20159769042581,37.08250938862275,36.96709260237834,36.863807562227784,36.78124773180207,36.72714490875201,36.707205770626544,36.72404762397977,36.77658630378703,36.86007225303101,36.96684211242083,37.08749966022958,37.21227128237133,37.33213269765716,37.439648372427264,37.52934529425346,37.59783213899522,37.64357365627605,37.666635753486126,37.66822600233959,37.65041287868224,37.615717209027196,37.56704613318651,37.50748207432527,37.44048827143336,37.36983572521293,37.29987534819309,37.2353429349994,37.18135017128684,37.142841962177805,37.124165257573594,37.128310411999394,37.156447878314715,37.20744804568285,37.278039307919364,37.36290549933387,37.455624141740515,37.549204803678734,37.63715413910758,37.71476108301667,37.778879922897076,37.83166080639302,37.87645886509664,37.92683255889166,37.99427931619326,38.10436448110109,38.27197971592216,38.52306345923661,38.861639372318315,39.29341366667813,39.80384234106329,40.374706369220576,40.98566167246184,41.614336967092775
250.0,31.193087228022772,40.90730998794892,41.87028151657869,41.07304388096914,40.246234876338754,39.4080953553424,38.58295888742484,37.80758624049491,37.12186691705549,36.56198345927066,36.14756903351878,35.87680914429509,35.72666781253884,35.66435044692632,35.65687190083027,35.677273211607236,35.70825234961475,35.738211328625525,35.76255053900438,35.77796090839414,35.78428440505634,35.78100933469533,35.769031036260365,35.749404768439035,35.724006179106325,35.69530722575522,35.6658491836667,35.63823172334095,35.61417465340472,35.594706219693045,35.579656933258036,35.568150548792005,35.55865157474357,35.54947122876297,35.53894493806926,35.52568608909445,35.508696685988696,35.48751835879974,35.46243781718786,35.43475990276295,35.407103324423005,35.38357828469114,35.36969850249057,35.37187221589181,35.396460166585044,35.44850596512817,35.530509388420924,35.64159811393041,35.7774663049631,35.931030622156854,36.093647778684485,36.25635953086311,36.41096214849842,36.550566263374165,36.669773607279545,36.76447924794041,36.83151268556656,36.86823581483187,36.87222203639668,36.84107349391934,36.772389829239046,36.66386801178732,36.51346299744822,36.31958315954752,36.0812371485061,35.79813358431363,35.47076191464043,35.100462734956174,34.689652706669555,34.24227779810898,33.76465260365852,33.26684518778617,32.76443232255402,32.28033419738567,31.8455207760574,31.49692917604288,31.27093867641801,31.193087228022772,31.26866158826831,31.48026435727058,31.794172408383744,32.17099844620316,32.5746141958681,32.976520014786374,33.35638732851787,33.70061659230658,34.00041137250369,34.25014563942851,34.446265310426135,34.58674096788328,34.67095552202022,34.699898566757184,34.67651418985525,34.606083405758014,34.49647356897397,34.358126358786734,34.20360147794594,34.046613317489516,33.90058052023976,33.777002302962885,33.684076339275855,33.62606833038568,33.60358548609828,33.614590827515514,33.65564612076446,33.722880176674146,33.81244569137399,33.920474775918635,34.042816587309545,34.17482910925063,34.31141806598908,34.4473402489391,34.57763161606259,34.69798890028266,34.80494576971198,34.89578438713652,34.968263119618854,35.02020419862915,35.04924112836743,35.05265133856233,35.0276788962737,34.97192894738323,34.884323455397166,34.76584229037115,34.62065851385751,34.45666058155026,34.285879985016685,34.12381514548401,33.98778318805693,33.89413848316557,33.85462947176267,33.87354718299987,33.946260147409326,34.060144730528,34.1975254445065,34.33862936372748,34.46494849532123,34.56166661835926,34.61797720679105,34.63296773514898,34.60981270811247,34.573190839121,34.549841043262596,34.600623295913444,34.77192948849054,35.12685467510056,35.67419992709874,36.40102467271825,37.25549704741171,38.174262856951394,39.113649957708276,40.031069081186324
315.0,30.244276314726307,37.49152112600769,39.159993048894684,38.41716228101136,37.65917177887516,36.91157858907603,36.193887004799876,35.543981752290634,34.9896102562626,34.55277729450199,34.236030841725864,34.026286672511915,33.89635215838422,33.81916056405588,33.76837851726725,33.72819222676002,33.68797300179331,33.644848067213765,33.59900840633858,33.5527779000014,33.5091370649278,33.47021653049528,33.438043683950355,33.41372690198546,33.39846079445771,33.39316806390513,33.39854012379532,33.414780450388584,33.440952341591725,33.475076113300105,33.513700063055985,33.55257235472963,33.58672208111534,33.61134503751373,33.62200456793231,33.61529604336961,33.588901655684865,33.5420099052699,33.47531790198563,33.39138036666766,33.29460812066348,33.19147122397459,33.09018692655056,33.000271266800794,32.931417444767305,32.89212625959574,32.88811313209793,32.92114738013379,32.98864813121562,33.08424896631721,33.1991485704135,33.32367657540294,33.44874616001347,33.56670306859029,33.67170176705691,33.75952215519989,33.82715728946404,33.87223806303488,33.89255570084624,33.8857089991436,33.8489938890961,33.779485484971495,33.67429042240816,33.530903789847855,33.347599017113424,33.12382037073114,32.86058735176575,32.56089711214743,32.23020198775261,31.876952448618866,31.513149596461325,31.154811969260926,30.821859399214894,30.53700183615358,30.322989476560927,30.19837309172399,30.172855245225577,30.244276314726307,30.39889354356778,30.61488790204948,30.86735470482282,31.132726543826074,31.39153479053689,31.629454798038296,31.837184974822236,32.009724488461046,32.14545686280733,32.24525833126813,32.31171425250806,32.34848737244004,32.35982495639362,32.35021312504664,32.32413882788,32.28596049227367,32.23984738170602,32.189775482578796,32.13956628612359,32.09294364485754,32.053618391381534,32.02533421161731,32.01186486795502,32.01685560798743,32.043508455697875,32.094070235422706,32.16926287689224,32.26777524927952,32.38604686007454,32.518449539662186,32.657860690371116,32.796538257889274,32.927023714771714,33.042968006054934,33.13963872505744,33.214162398397306,33.26539663270995,33.29358602867907,33.29980828642905,33.28537463241604,33.251306076581784,33.197980447302854,33.12515396933709,33.032215585683666,32.91893151330119,32.78619644100108,32.63718734980456,32.478097780541844,32.319006532103025,32.173667800100915,32.05883103082824,31.991734309176717,31.986934819231912,32.05233011888623,32.186391771964765,32.37797547732005,32.607449758091576,32.852092315707445,33.086467884511876,33.29090406105965,33.44468781827247,33.54037204918109,33.56646589822327,33.53470767483213,33.44908654893928,33.35141445395092,33.272853192289624,33.28736847487789,33.44309572763767,33.78985757358634,34.328438389770206,35.020449263989974,35.81584923560725,36.654251085298625
400.0,28.676100810401365,35.39943883656835,38.26156099150933,37.31976027231518,36.33149028303478,35.33160874712617,34.35978843362639,33.486201873428044,32.777287529410046,32.283462386142816,32.0020271455648,31.891558980643286,31.879719341736894,31.907656368012688,31.927578908002822,31.917000413226447,31.86577663417164,31.775177391925034,31.65292705562365,31.50856779024368,31.355000249905224,31.204156802088903,31.069803115861745,30.96430875232318,30.898627010141652,30.879345386270458,30.906408742802558,30.97251919349255,31.063472680928395,31.161442760190752,31.248055755055088,31.30771630856791,31.329739048557247,31.30925882069966,31.24761340568609,31.151478469583044,31.03195143972011,30.902505520152694,30.77706244187179,30.667687482565384,30.583162603895936,30.52845304088692,30.50534172646173,30.513696423472854,30.552643119203843,30.62119351520668,30.71806693788416,30.84113785963821,30.986851075649152,31.150120217650453,31.324758430778953,31.504244147432765,31.682528320821316,31.854490765833745,32.015994595278876,32.16352826896328,32.29364236802251,32.402441283014866,32.4852806803386,32.53682455169715,32.551386573128454,32.523500596199945,32.4485179333396,32.323182315072394,32.146016744752565,31.917579713199405,31.640559992089372,31.31979609583501,30.962327934320413,30.57761101723486,30.177975403791606,29.77939857913206,29.40218584965988,29.070958714183615,28.812754395018622,28.65248164802681,28.606359352402357,28.676100810401365,28.84740118007055,29.093954411034183,29.384739966772365,29.690876339897763,29.989817038115014,30.26663922868936,30.51337281034091,30.727330233033538,30.90913872676756,31.060869623205413,31.184529010231756,31.281091493780167,31.35015688679449,31.390203770877058,31.399275058075425,31.375889277284287,31.319932256924137,31.233407930195046,31.120894535414465,30.989702838645215,30.849647370380204,30.712457443549724,30.590755594814212,30.496710299117325,30.440443865980455,30.42851863289458,30.462812753138486,30.540148189768598,30.652785395555338,30.78972033816699,30.938389553247845,31.08645886823483,31.223264547678106,31.340846160383432,31.434400943654502,31.50229252197613,31.545603579664608,31.56734381058973,31.57148115651069,31.56185349123607,31.54142430636169,31.511746319770488,31.473217860077792,31.42547388773434,31.3683840519122,31.302625503249523,31.230238624776284,31.15452451716372,31.07942751026572,31.00908396893721,30.946598337787723,30.894576080505978,30.854392897032653,30.827846171662735,30.816808497750362,30.82350414650383,30.84990078062436,30.894468280140153,30.9527325427406,31.013259703390005,31.060746808776408,31.0779674512027,31.0453428283048,30.957126308158468,30.805875474644036,30.624046688088633,30.445629261200622,30.366647467137874,30.473835860103044,30.850312764050315,31.51276512794087,32.38198428982885,33.381591317561636,34.406244639833005
500.0,23.669668220561704,31.840525880413683,34.09248574572225,33.20555066248036,32.28909520277081,31.3871955543155,30.534684714500262,29.79590429180002,29.221395569920926,28.8323636817803,28.61580371839708,28.519054531184803,28.48403746733517,28.457767922643555,28.40418136043428,28.304036483061985,28.150556799028884,27.946447391602305,27.700978496641113,27.426067544931843,27.137224798557995,26.849241391179852,26.578703914125782,26.34025536856626,26.147493690862458,26.00971238008736,25.930219483708346,25.905058381226354,25.92253278416697,25.96617553003791,26.017201744988515,26.05870430933274,26.077776208500318,26.067392613068083,26.02671029960165,25.96060626618418,25.87847874557037,25.792121284261587,25.71341730504792,25.65172211273903,25.61219418498274,25.59512135081559,25.596768051715884,25.61099158023343,25.631221584588214,25.652012540379644,25.670109180343708,25.684946121070972,25.698917577682586,25.717386385016784,25.748609604636332,25.80309291454349,25.89231782405932,26.0263840803704,26.211183266444284,26.44573784205228,26.721064568239974,27.02099545120454,27.324731253524497,27.609956996017623,27.85556320909984,28.04331482239693,28.158611109820875,28.190536654943887,28.131599179740174,27.977441234453728,27.726708325694407,27.381257461140528,26.94686844755116,26.434637813131904,25.863152203119974,25.261415223308965,24.67139249734509,24.147850145161797,23.751300294494374,23.532028367598933,23.51079277825103,23.669668220561704,23.960946757382526,24.326451664895767,24.71378962042424,25.0835846783707,25.409829952733986,25.677283864951352,25.878579747595197,26.01197332128246,26.079949270793293,26.088493505198468,26.04685407612247,25.96750441396898,25.866018712753093,25.76047098955374,25.66996175466938,25.612144282364824,25.600059857749805,25.63934667339369,25.726976864886883,25.852314448011843,26.00001981145622,26.153723131875143,26.299189159527614,26.426412798621786,26.530484352601192,26.611491934084363,26.673622673868586,26.723731966378356,26.76950406389141,26.817608464497606,26.872155037577517,26.93397534264355,27.000778119791228,27.068174500701016,27.131008207948327,27.184648498660774,27.225771164171597,27.252562806354494,27.264377937219,27.26101301947722,27.241924669308112,27.205547284787606,27.1490439348143,27.06840583495923,26.959020757235656,26.81651388990115,26.637711805070378,26.42200178933826,26.172472262259415,25.898066633805445,25.614898932205996,25.348573312036628,25.133106763087945,25.007478755473006,25.00525350436255,25.14213236873317,25.40671327745556,25.762885146806617,26.158419176050984,26.543293125458256,26.867637312609883,27.1037046753375,27.21772394008534,27.212529025877373,27.072599145133186,26.846488061382257,26.567074873780538,26.367634415901367,26.37239969048116,26.719718965261382,27.44693571833818,28.43780302983884,29.584492739125587,30.741061793725724
