Frequency (Hz),1,2,3,4,5,6,7,8,9,10,11,12,13,14,15,16,17,18,19,20,21,22,23,24,25,26,27,28,29,30,31,32,33,34,35,36,37,38,39,40,41,42,43,44,45,46,47,48,49,50,51,52,53,54,55,56,57,58,59,60,61,62,63,64,65,66,67,68,69,70,71,72,73,74,75,76,77,78,79,80,81,82,83,84,85,86,87,88,89,90,91,92,93,94,95,96,97,98,99,100,101,102,103,104,105,106,107,108,109,110,111,112,113,114,115,116,117,118,119,120,121,122,123,124,125,126,127,128,129,130,131,132,133,134,135,136,137,138,139,140,141,142,143,144,145,146,147,148,149,150,151
1.0,30.009021408499393,29.760296125739725,29.625031471125464,29.582394702957245,29.620002831838107,29.770869615400795,29.997985027750197,30.285891552240297,30.636387558137756,31.005317579072408,31.40360786065819,31.794222486566937,32.18455377700118,32.553079991785495,32.903403759497856,33.22614043061979,33.52331898112305,33.7928179953855,34.03665359940122,34.25641692128393,34.45464725819245,34.63436670344473,34.79838939340264,34.94966180429903,35.09061942350676,35.22316546187582,35.348733467323314,35.46777448008241,35.58051653541837,35.68615016861084,35.78401225436275,35.87264808396415,35.95111500630544,36.0180202351162,36.072725673747776,36.11441040357632,36.14307160599465,36.15864211469403,36.161767856451576,36.152987478884796,36.13331993944347,36.103505765801565,36.06446238634714,36.01661021959781,35.96026654464143,35.89509384042025,35.82050820588731,35.735273865706965,35.63796067733747,35.526669295489086,35.399516303058356,35.25443554469325,35.08963380239452,34.90341722310014,34.694552720305126,34.46209319194182,34.205630668076346,33.92509320313219,33.62091651102048,33.29378762415127,32.944774049901625,32.575043565467475,32.185952617033536,31.778809728793,31.354935082188014,30.91553637961297,30.461822591462923,29.995026204520627,29.516697108724497,29.028914159312514,28.534875559692473,28.039401406386002,27.5498124027596,27.076643909166553,26.63440310322729,26.241652526138353,25.92015315945798,25.692367438244755,25.577546339109446,25.587174389957987,25.721855119396242,25.97099339033413,26.31566861222798,26.73295738568505,27.200110895824217,27.697129712170522,28.20797667497498,28.720474334710204,29.225848704174044,29.717898754261228,30.192427260438144,30.646604116758095,31.078697492014392,31.48768877021181,31.873253260037885,32.2355054186404,32.575101766751175,32.89301485350394,33.19064968910454,33.46959438857353,33.73171589881182,33.97885888518681,34.212933000900264,34.435564726702495,34.64821612365621,34.85183655724593,35.047059096992186,35.233900283154924,35.41205562614889,35.58065962298129,35.73867339453404,35.884671930361854,36.0172928898749,36.134987840560676,36.23650950915765,36.320581612864515,36.386416203487634,36.433272208513586,36.46101793089827,36.469554565212725,36.45944581421231,36.4311907263502,36.38592759428975,36.32456079097007,36.248528123398096,36.15882791032608,36.056807642756745,35.94321002866353,35.818901615355934,35.684114620838805,35.539006489709365,35.383243611907226,35.21635614372865,35.03756580737584,34.84622747914054,34.6412025847153,34.422506208007206,34.188342878948866,33.94066975203647,33.676015122067604,33.40011557220626,33.10598427372398,32.805444458747395,32.48599674105709,32.16718720462422,31.83153226869183,31.503288146154244,31.169693136121175,30.844365442012784,30.542783866463353,30.259115503786944
1.25,32.72928824364869,33.275673456469775,33.13746096501846,33.05250057918537,32.99975919563803,33.0196664533254,33.07721658273748,33.16832710127764,33.30701368581843,33.45326796188095,33.635095143268636,33.810065389925576,33.99978180430856,34.17298017569656,34.34156942805145,34.486713198759176,34.61373595985123,34.71333920516901,34.787942907614436,34.83458726796848,34.85528317894806,34.850968521355476,34.824413413050564,34.77867689956685,34.71734812311454,34.6441081605579,34.56260602772778,34.47574658919027,34.38614765834431,34.29490920056066,34.20290372574458,34.10926394750058,34.01334545037047,33.9131730875571,33.807699085030656,33.695281033026404,33.57586771951699,33.44947106365212,33.318035807359415,33.18382719304269,33.05084284549309,32.92304485012324,32.805258674839756,32.70131574364171,32.614617155662,32.54653969617034,32.49712231968771,32.46415673038851,32.44427768159297,32.43274558018935,32.424673369535554,32.41506478469892,32.39973161956069,32.37520930903477,32.339193168425375,32.29026579743254,32.22794542476444,32.15232404698679,32.06391735980831,31.963343199381093,31.851162669410552,31.727722985870635,31.59312128367974,31.44728326747196,31.29007441894737,31.121574775587824,30.94228156560166,30.753441062406072,30.557225809136312,30.356943721692346,30.157033376957315,29.962966030747914,29.780857569404994,29.616940149138976,29.47676834628733,29.36446047707216,29.281956036558793,29.228676260157766,29.201512547811493,29.19533996071801,29.203760744215415,29.22007112694309,29.238094087279762,29.25293705855882,29.261412574579214,29.262318711460797,29.256367523553326,29.246009141211818,29.23492910481716,29.227510491385942,29.228066608297986,29.240227706550375,29.266352056245385,29.30733944824692,29.362700531710413,29.431034559814734,29.51069145858639,29.600499339007573,29.700448808681465,29.812009700496674,29.938305797177364,30.083610658975356,30.25286749061636,30.450427128688318,30.679357974140746,30.940169624155583,31.230862182245932,31.546472961392702,31.880258856433876,32.223905574869036,32.569158544122516,32.90785950718583,33.233313633727555,33.53974681213322,33.82333516529688,34.081211455079405,34.312389456963324,34.51649632966109,34.69478159642992,34.84863628326649,34.980755994593096,35.093446481651974,35.18994147423041,35.27253511545277,35.34402916028959,35.40584611388813,35.45954865033109,35.50520542669356,35.54281075590045,35.571199879856096,35.58909498440841,35.59471501344723,35.58626296591859,35.56201538194708,35.520590212148136,35.46055461192352,35.381952213184775,35.28309875997491,35.16668710992345,35.0293602384242,34.87808672286803,34.70578199275185,34.525501827580925,34.32483840750433,34.123386181098375,33.90536536849861,33.691605196983105,33.474717190099234,33.259362980790364,33.06823284837981,32.88816359471547
1.6,28.053592956441406,29.944289045541346,29.717202029745955,29.556069680525155,29.443108669354658,29.423737647198823,29.45736455692684,29.540878748149524,29.67793189886178,29.827276838716237,30.00831774360964,30.17754141382252,30.3518124708391,30.499939647158506,30.63209004959909,30.73013910101953,30.799038547482045,30.8300404333863,30.825293868165218,30.781660287233677,30.700262115954416,30.58082882587285,30.424324289304376,30.231521632794628,30.003323483436457,29.74026836340224,29.442778343780034,29.110200409563184,28.741846815842838,28.335221433804058,27.887996220704856,27.39560781729017,26.853976123997597,26.256840438795763,25.59903634075901,24.87412841345006,24.078638280760455,23.211277549562833,22.280359706856462,21.308553411381826,20.348491180546148,19.49433104832568,18.884834585453753,18.65807098871911,18.868663176942594,19.44495524488342,20.24474341603883,21.137096825367934,22.035502132361508,22.89437578890967,23.692968037434966,24.424753723290465,25.089263421236694,25.689192618456257,26.22779118839313,26.708598765506327,27.13463807557604,27.508770908225095,27.833423864868955,28.111034705293612,28.343929410606513,28.534685919954565,28.686072003377422,28.801268426072518,28.88381844164727,28.937697292629142,28.967206230170085,28.976896949730527,28.97137417260593,28.955085900190333,28.932058694577396,28.90563220516029,28.878242601219235,28.851243590003474,28.82486805412928,28.79825331542653,28.769621477569395,28.736479025817417,28.69592263596031,28.644885746387516,28.580434113873384,28.4999561275185,28.401366968406727,28.283207347831656,28.14474630097832,27.985987448325268,27.807665330761,27.611152493293623,27.398338494613558,27.171434030753158,26.93272369287868,26.684333650919456,26.42792877358785,26.164616850431194,25.894776968073185,25.618326934808607,25.334828525439512,25.044259845066044,24.747391084159368,24.446982786478983,24.14817581793882,23.859729325256428,23.593707861356922,23.36572374645554,23.192590173172857,23.090341880206505,23.069901889659185,23.134835491761507,23.27935197050046,23.490061881854043,23.748521531047146,24.03502878228759,24.331489142130266,24.622975520951194,24.89886072955855,25.152075367954833,25.37968974253941,25.58107275338081,25.758907619221546,25.91664938925474,26.060218091360795,26.19466062762523,26.326537398855333,26.459839847708906,26.599156794531442,26.745357462719348,26.899475356063668,27.05895852065781,27.221591972025003,27.382990973744402,27.539334423101685,27.686513960319978,27.82078692745867,27.939483415726293,28.040122789151987,28.121126033470958,28.182420699911475,28.221758544407074,28.243380685152836,28.241535668425776,28.22781777869217,28.189780210448404,28.14969718260039,28.086811129810833,28.034325277632796,27.967832722003358,27.92123869400354,27.885395698431843,27.86626992787231,27.900173236936595,27.955769859967212
2.0,40.15527895254568,41.457429618171844,40.8664294613602,40.326347946917195,39.84108535738794,39.49757695310813,39.27099151950852,39.180643459602564,39.229780326837094,39.36068202658828,39.57702704372291,39.80947592364294,40.059055161971166,40.280721686815255,40.47507851568355,40.621178056107496,40.71941309444846,40.76297935325593,40.75212725183131,40.68622065953018,40.56533321822044,40.390109676582014,40.15988749567764,39.87363793731535,39.528826652590865,39.12072558353452,38.64332941188014,38.08635997011055,37.43799359010259,36.67947141886045,35.78840814925596,34.7303493008163,33.459857763493794,31.905476253185235,29.961500459085826,27.462466641976203,24.24700388416266,21.073926076033164,21.80342054522584,25.298598960908663,28.371987308616905,30.757846635354312,32.641584649585425,34.17075162936102,35.439418609141995,36.50945995467359,37.42200979862773,38.20614922531092,38.88240218253346,39.46608113632632,39.96836825462422,40.39782567643685,40.76079213907058,41.0621013335288,41.30529391949307,41.49292924124788,41.62672372189793,41.707664503583935,41.736094192168096,41.711717421679666,41.63364909114954,41.500343965270766,41.30962046012244,41.058532878925476,40.74333256966063,40.35928249615629,39.9005079956032,39.35967539884799,38.72765283325068,37.99284031114106,37.140434473060736,36.15107661043792,34.99924226983393,33.65094372729837,32.06218465336691,30.18363718180726,27.998985751654,25.708701095966084,24.234472664764265,24.824567037348363,26.81580197467963,28.95692490282148,30.839725185549447,32.43662693499191,33.79547638987229,34.96542030531864,35.98476817668107,36.8813235583393,37.67481446483466,38.37899979843168,39.00338221559983,39.55443534458475,40.03655156078029,40.452700955719855,40.80495350545878,41.09482814494885,41.323558602655844,41.492287697472804,41.6021588929073,41.654448414884975,41.65053158070546,41.59199156881876,41.480460606538415,41.31771322790557,41.10534764965493,40.84486670325706,40.53714083737265,40.18248549238564,39.77987730674276,39.32707700999103,38.819580759648396,38.250864566985214,37.6109700038179,36.88687865381774,36.06039232102216,35.10836001281935,33.99914665532614,32.69260199824724,31.136347351728414,29.277096276221553,27.113417735646568,24.955605527864098,23.962088347670587,25.113349514161904,27.302816684845972,29.443045448427494,31.271434300448536,32.794355623016955,34.06681194270697,35.136824008686446,36.04306865304695,36.81404971131583,37.47113714163268,38.03083541813041,38.50528433743285,38.90384327835312,39.234757573270734,39.501972231681755,39.7142858392733,39.87013947467695,39.983416051067664,40.046024975427635,40.08113453622091,40.07374887063016,40.05754891301396,40.01479026890373,39.981364147523955,39.952476374071274,39.94030986899134,39.97863574562578,40.044621562829434
2.5,37.11057523339148,39.48095878964534,38.86295579772114,38.25584489164313,37.6508864697177,37.12618874450514,36.65952402705489,36.286092604974066,36.025878728105255,35.845698161393635,35.763601506742305,35.71412944003584,35.698013422223994,35.6592051058864,35.590703815009185,35.46004279105962,35.25960669305954,34.97541256556638,34.60179721157896,34.13575252564031,33.575571527428075,32.92561115278715,32.191695777801115,31.38709760145729,30.532078657034138,29.656335587968513,28.805418043077232,28.03527952257329,27.41823841412874,27.019541873393415,26.888293533657265,27.028972148672988,27.406212017335754,27.956223893090968,28.609027663655453,29.304481543218103,29.994938378607362,30.64840711482288,31.24229641613166,31.764160143469418,32.20625569879037,32.56669849922823,32.8459756071251,33.04822288258704,33.17907560140855,33.24667033144665,33.2601639918774,33.23018160303885,33.16753904472312,33.08300940295798,32.98620620251827,32.885047438938734,32.78532815888097,32.69063078715463,32.602984422618384,32.52335186307153,32.452789427448465,32.39268854525243,32.34536581195308,32.31337538996758,32.2991784063802,32.30391382046162,32.326970133525414,32.36543906769042,32.414651386410014,32.46886811461657,32.52258656177554,32.57163499046123,32.61415078661392,32.65101718280946,32.685732802537395,32.7236588503539,32.77062031171146,32.83121343511838,32.90705621996264,32.99567060174632,33.090173510615635,33.1800571945608,33.25256398196494,33.294449091022095,33.293533816273396,33.24010888790821,33.12802159035785,32.95582202452116,32.72796261756625,32.45629016760748,32.161411418899455,31.873217193400937,31.628962007741954,31.467253648839325,31.418177524080694,31.49312865857732,31.680785537332135,31.95167327885943,32.26866110657642,32.59650695190659,32.907839614785736,33.184589628832796,33.41758386014788,33.60471793872857,33.7494745987596,33.85908398829719,33.943079566373335,34.01151267149815,34.07329994830842,34.134679384060995,34.19794900517822,34.26126088062413,34.318607058496376,34.36127618401989,34.378472376421755,34.35929343297327,34.292690909393826,34.169106487899185,33.97936064625121,33.71608240629668,33.37175982835654,32.9404581476691,32.41531495563748,31.791189017956505,31.06225486988344,30.227190103188338,29.290132425855035,28.274579271013714,27.23974561420298,26.31266305307895,25.699727293477714,25.61035639110857,26.096671211754927,26.996508458546717,28.08473795005675,29.19636787737319,30.244174627820083,31.194043762901565,32.03342965003819,32.76588040965309,33.395664955030114,33.93142362161048,34.38312079374608,34.75592049825995,35.06690792895328,35.31407202280659,35.52503882361728,35.688872222758775,35.84363973399083,35.97302884707625,36.114321162870205,36.26205051184936,36.4241120386111,36.63182425777927,36.85619937237324
3.15,29.680189877413376,37.08941745068528,36.360802458628456,35.578380405424795,34.69334405494415,33.78309236946305,32.792898740949646,31.76957602893934,30.766214430307596,29.808670807774607,29.04411805174086,28.462733010088968,28.161007240455614,28.02140845648582,28.01056830437099,28.00011621592352,27.941525274125397,27.77309207921291,27.46937491040712,27.009321403139865,26.38096296245989,25.58013411011845,24.608555223146126,23.48447446429354,22.253874667137747,21.013532185950467,19.92939502900685,19.206773541281667,18.970588276015427,19.177910190937084,19.658560361191885,20.26867005847491,20.915503666803733,21.571939550737355,22.223109549017682,22.86827960400974,23.49483814099639,24.090780506419357,24.63776924013611,25.122116696131794,25.53245934732184,25.864902945137498,26.12149693953747,26.312155498110236,26.454016249450664,26.571437997841933,26.694242591061183,26.853830424943542,27.07763826306547,27.382460078172002,27.77081124314051,28.231086077800022,28.74250441466549,29.280889936807995,29.823822842455343,30.35294623476757,30.85475305309555,31.319793157054768,31.741824380760274,32.116700829378,32.441720321760464,32.71503628956741,32.93552467668404,33.10262365193819,33.2165691027091,33.278435963918284,33.29050690805381,33.256337586665204,33.18101437514775,33.07097703801373,32.93384500592177,32.777641255942314,32.609899601363075,32.43625111983925,32.259178542858585,32.076847706910804,31.882689770761697,31.66550934477367,31.410308729458976,31.099233946056806,30.712600294702064,30.229544615238755,29.628596749322213,28.88834477015857,27.989415509135547,26.920270424176735,25.693260481270027,24.384024956348803,23.20411478288328,22.53443696348895,22.688039367103656,23.54088268848713,24.68946915008563,25.827830481081282,26.81902974239474,27.621272253527863,28.23153385061833,28.659618416469336,28.91875814408928,29.022069235557836,28.98232305621299,28.811883402157626,28.52413814397724,28.13412490051368,27.660718499695154,27.127435246457885,26.56453707276797,26.00798981251231,25.497822765823067,25.07077563211832,24.752493441799935,24.549062797142675,24.44581908228134,24.412227788717114,24.410244073174027,24.402675205459193,24.356068427447134,24.243958141326047,24.04392701714613,23.74017373036444,23.319583948865898,22.777677675164185,22.117686282987314,21.36494614831819,20.576772168366908,19.86662467952306,19.40053497325131,19.338777826844744,19.72684139349862,20.4567046143725,21.360721887260482,22.30338476378854,23.205090349254114,24.03300045993038,24.772284628492514,25.426199612527224,25.995783297628563,26.487781281612705,26.908473264694734,27.257859842911873,27.551446701434223,27.778962337993583,27.97215043630881,28.110509905781427,28.24397568947156,28.34809964409526,28.477623604305865,28.62148655986484,28.803828850336387,29.05052568125299,29.336155495963254
4.0,45.619531439359605,45.202813357741164,44.0134784291692,42.67376338199482,41.203718071192725,39.63753195607842,37.97990181536984,36.39702852736511,34.967815369506965,33.81462789390723,32.937521723530025,32.169151503797735,31.44313124724397,30.586872239241316,29.69867544259389,28.81877289592761,28.240680962792425,28.086913281009423,28.37998980444024,28.896395382434513,29.47181715102783,30.0083912384326,30.512055597282945,31.016839010178735,31.559494522944092,32.14409938202677,32.736249566819836,33.28544489821713,33.73539945901555,34.04818907159413,34.196075869285096,34.17284595998697,33.98247791068419,33.650591239384774,33.218181687576546,32.75277687779872,32.33676773020696,32.05946425584676,31.984545097336262,32.13761425451083,32.50341916500722,33.04895070669273,33.73243085771803,34.509735220502385,35.3305163184637,36.14360023374851,36.900288304227956,37.560787535225586,38.09435167057841,38.48000108265079,38.70364535862818,38.757410679811656,38.63762025716139,38.34520275560574,37.88552787426472,37.270438138058346,36.51979319663042,35.664029823160554,34.74389158674535,33.80615165695317,32.89234957705209,32.02527465714152,31.203712161620434,30.41637895966663,29.675912325716403,29.061677939909842,28.737954080036936,28.881216140265025,29.52306497889939,30.503750164236784,31.606679447607647,32.67740375910138,33.63899960627918,34.46543632485602,35.15679163513628,35.72530184597446,36.188306318907564,36.56540554858606,36.877163084196965,37.14482456848053,37.38954652128644,37.63120000076369,37.88582439751455,38.16288583543104,38.462765800339355,38.77641832834645,39.08696126612584,39.373213842886116,39.61320201495792,39.78726971435136,39.87973158539911,39.87993069469948,39.78242015119897,39.58730559175233,39.30027578295851,38.9330488311106,38.50328694086801,38.03446449393058,37.554286524168624,37.09240427891093,36.67638072125209,36.32814134318626,36.06040195791519,35.875659891101236,35.76544657399104,35.711723839719404,35.68770256612752,35.66074423448496,35.59468882118463,35.45350592096098,35.20349998582263,34.81614869853025,34.2704459862165,33.558552865321296,32.69581811494362,31.74154810221935,30.82401974212852,30.144517183817428,29.88678282763216,30.074344378550887,30.54464506096599,31.102638919111662,31.613255232084846,32.026341466841465,32.332333389624864,32.55444065041827,32.71095106008464,32.81940964557049,32.87295226017215,32.85208445516751,32.72526945308692,32.456029764267115,32.03172907490962,31.451833359428502,30.818986663609284,30.301412979352836,30.25158305920735,30.816635857432072,31.97036939965691,33.32828156032128,34.76290414013248,36.065847373752604,37.320243121572744,38.430483635559405,39.516035211627795,40.50866929717743,41.47938021070451,42.403436403600246,43.26369379713398,44.11221349615133,44.87784330677597
5.0,49.496659838357324,49.76599318254492,48.80498439922015,47.71469041389636,46.49922283355025,45.150783269961096,43.6491010319142,42.01173120050123,40.237177770037604,38.40374856256877,36.61030897615348,35.063718072946585,33.964084511132775,33.373882056188954,33.20743060926895,33.25863080633692,33.433150542864816,33.644673305086044,33.897031694445296,34.16244468661665,34.43789449959886,34.69276912051028,34.90760623578004,35.05922348478024,35.13427040977198,35.12708214356764,35.03691516845582,34.87230145977446,34.641746463363084,34.36170336319127,34.045418512350764,33.712280065061975,33.37715073327677,33.059399529068344,32.773378548729106,32.535159252106816,32.35395663294978,32.23662697566922,32.18239240213692,32.18858402849451,32.25025240414306,32.36636775589622,32.53904771207544,32.77485894872467,33.07909907618957,33.452758966839646,33.88707837367634,34.36489468950914,34.86212093489598,35.35392363161958,35.817509381546884,36.23587565895909,36.597545964502736,36.89719036515999,37.133887405809595,37.31056906285432,37.43211899334169,37.50446682717273,37.53287161780342,37.521109376005924,37.47046300178433,37.37966831404862,37.245123574926296,37.061818278551314,36.824491730383365,36.529073555544116,36.174202461967816,35.76277471789679,35.30352203082499,34.8121664076848,34.31186810109186,33.831625272935206,33.402200330429025,33.049513728792306,32.78832885175109,32.619807521479146,32.535107165125474,32.523204214562405,32.578484767278034,32.70432786210163,32.9107597811986,33.20725587444282,33.593889752990286,34.05596393001283,34.56498653771807,35.084801902442166,35.57885125341408,36.015122061504805,36.368234550721226,36.619166419476834,36.75421423362921,36.76349595857009,36.64007912364016,36.379235511419665,35.97897610739422,35.44133969417733,34.77651854215629,34.01011446056812,33.19649242641975,32.43446809809976,31.870842298426197,31.65688960318528,31.856503251753505,32.39651686242715,33.12610467997458,33.90721947249808,34.65066803826153,35.311336622498956,35.870960784037166,36.326863179833275,36.683553126804675,36.94998118015214,37.136379545179096,37.25411324385492,37.31370694670648,37.32509537071795,37.295879896850664,37.231745078657646,37.13522689961126,37.00651296655561,36.84296312183458,36.639963453992486,36.390864108614295,36.087162005652544,35.718551182699784,35.27230372416943,34.73378327611027,34.08623773813399,33.31332688035895,32.404637540913875,31.368678685271444,30.269022308688662,29.277676471303383,28.727446488266306,28.943200175795106,29.91017048000382,31.31862865893281,32.84535873558749,34.38742208228922,35.852995606529994,37.30265806446139,38.678444686261905,40.05188321857082,41.353372315926514,42.630983694839024,43.8296530910615,44.96570984329181,46.02944251552502,46.99707873691645,47.91227094111903,48.73424346058862
6.3,49.269148732213914,49.72757481318191,48.818796007645474,47.795846276178494,46.64949952598586,45.37123302353649,43.946789738803616,42.35624144853547,40.61169657018523,38.71227741531303,36.75381066727449,34.86836514415034,33.382724401384415,32.52735943733941,32.38493020352982,32.67285402921672,33.19452106270052,33.780871960442674,34.40927165116945,35.04138692201455,35.675332281763986,36.28350878986387,36.85011330367323,37.354963436951756,37.78627969130247,38.138352305377275,38.40924110174546,38.60415366471778,38.72808736411692,38.79170718151831,38.80323266937345,38.77480253882778,38.715187436214485,38.635799192529234,38.54484246418983,38.45269794162696,38.36741755426609,38.299029145220224,38.255600922222214,38.24589997977813,38.2754372904173,38.34786496947544,38.461770926506574,38.612442912208074,38.79063228966657,38.98536827510482,39.18405981519017,39.37516579306181,39.548108046216825,39.69489910978091,39.809413942765005,39.88813150379043,39.92908166602561,39.932110422099385,39.89779339992845,39.827512889877795,39.72253704676979,39.58416996484708,39.41323498125543,39.21054615136407,38.97699143211603,38.714446461359216,38.42640309537563,38.11915911097263,37.80252470685866,37.49054967038983,37.20108634985938,36.954388804174044,36.76995024959981,36.662541472980344,36.63844056399516,36.69382836007602,36.81594276513281,36.98658686488518,37.186152495740686,37.396914848076065,37.60484802574603,37.800243798897036,37.977464413578964,38.13435512416339,38.27147680512013,38.391366913483125,38.49779553880233,38.59506206440033,38.68734359068459,38.77810851945443,38.869716934975514,38.96318010964923,39.05822015054713,39.15347184512421,39.24690987784022,39.3362225112123,39.419231629774515,39.49406187681268,39.5592818261761,39.61375196477449,39.656530563845436,39.686553033449925,39.70254881284322,39.70279040741331,39.68524385486241,39.64749293724061,39.58717964843932,39.50203837204172,39.3905627134871,39.25205466553599,39.0874883112149,38.89955649409771,38.69373140681087,38.47825291227459,38.265060545845685,38.06915696049431,37.90820481916031,37.80006382822578,37.7598067248277,37.796149695025214,37.90835622698028,38.086522989920304,38.31215853346373,38.56345853376751,38.81646545650056,39.05056401470747,39.24657315971022,39.39076469912199,39.47080867528214,39.479142759626185,39.40861615608966,39.255374053086655,39.01510996453305,38.685084828342326,38.26065815827364,37.737319477379685,37.10490006971776,36.35616947875681,35.47355000600084,34.47030512784019,33.381645728017666,32.42571215437054,32.023781364692965,32.65364290549051,34.248582632124595,36.21317082816752,38.234725510111474,40.066500101923836,41.74904696637828,43.22186989547057,44.543515866376914,45.715897420414564,46.7453540690532,47.691777645374145,48.51283752409983
8.0,45.760220549675516,48.31773082737544,47.55629654424871,46.72156097598528,45.808369460573665,44.80765172382485,43.729061953539585,42.542290996987056,41.2811154272468,39.91372273783742,38.49053141683823,37.000309908679355,35.51912468277441,34.08380754488717,32.80812808696386,31.77077905498974,31.058008956261915,30.673755377690043,30.57617438725471,30.681271847307375,30.915142586515245,31.21852647380328,31.557991200820815,31.915565339429275,32.28717867746021,32.675955200976546,33.087696807283464,33.52794110104953,33.9970586036968,34.49108848316976,34.999859366238574,35.51088526951706,36.009722467344034,36.4834580533054,36.920703760513625,37.313112549986705,37.654628725244244,37.941853656002976,38.17316082083771,38.34877540255435,38.470060694542376,38.539603407790295,38.56071243361001,38.53754980645249,38.47479434772292,38.377840177909654,38.25261328050501,38.10586636867455,37.94513666919967,37.77903058034362,37.617107136872974,37.469759771380026,37.3475077151263,37.260018890504554,37.214682294061795,37.21531316171621,37.26128858207136,37.347575306185654,37.465687864452505,37.60524369146093,37.755687055759005,37.9076598334266,38.053864485393646,38.18926413722763,38.31083783012848,38.41688930763648,38.506240022482906,38.57733589241708,38.62755961667908,38.65278486321603,38.647298145013984,38.60403801036854,38.5151017138446,38.37240996490111,38.16846891675657,37.897239981104065,37.55515716275362,37.14249788900833,36.66523785458379,36.13756619224265,35.58477098355952,35.04537657613005,34.569838950202474,34.21228220413103,34.01439405502541,33.98857679488093,34.112432653545014,34.33940456301545,34.61673487357995,34.89933247421015,35.1553825253258,35.366195929268024,35.523619001573785,35.62726872374352,35.68214825838347,35.69689100552255,35.68218362633053,35.64950159972043,35.609673676188336,35.571835323195124,35.54232755302508,35.524466931486124,35.518449767752614,35.522327899653085,35.532752426030626,35.54644665154387,35.560812050023806,35.574935998756274,35.58937575022446,35.60632168206536,35.628494563196256,35.65868758316196,35.69829556613583,35.74704930890134,35.80211017385864,35.85881852547027,35.91070845614363,35.95106076017364,35.97308711881136,35.971389440267934,35.94145356878471,35.880538166195144,35.78625061628463,35.65703978895017,35.49017284900715,35.282407835904074,35.028007530235186,34.72021551206381,34.34985249014921,33.90780471422415,33.384474563115745,32.77351239862727,32.07351233719986,31.295856812013835,30.47602549453382,29.694489215500454,29.10595376818201,28.922272980017496,29.332485260320556,30.317392398893702,31.712530853879276,33.28655400610427,34.909602028579904,36.48732661060976,37.98901815132689,39.395419503626826,40.69552098486996,41.90060253266274,42.995889709306084,44.00606550391452,44.92686192529666
10.0,36.87612013181661,40.8471903678643,40.53253384622499,40.191188653659005,39.83813700389375,39.4593218746114,39.05168110965213,38.60617675201338,38.11864516260357,37.58638498132411,37.001001241888915,36.364205469224736,35.666013799727104,34.91048805131973,34.090615896631896,33.21497252855285,32.287862788091005,31.332740371133674,30.381564820956086,29.490626889362517,28.729415764753625,28.169448349639584,27.852084204540528,27.76727769053753,27.85744175438907,28.046372197497963,28.264273065973956,28.461795189361816,28.607735183098512,28.687583596545494,28.69638025897003,28.638605722014603,28.523951365595124,28.36920099595767,28.195541426163487,28.02985962532815,27.90060662532337,27.83558674747122,27.855044834223893,27.968341871327958,28.170829935318874,28.44713701154603,28.775179217552814,29.132493493151372,29.49952258416412,29.862321450699845,30.212415398347865,30.546801747542244,30.866415062124343,31.175342325706335,31.47894812042891,31.78287952016877,32.09130567019476,32.40624263605577,32.726654164448675,33.048749368388165,33.366249632310804,33.671471244525534,33.95605052533873,34.21198003364409,34.43202558622346,34.610278927110855,34.742198607942434,34.824805120133234,34.85659695857676,34.837665591812915,34.769694803906155,34.656186824655094,34.50264183035897,34.31690478704669,34.10941250671609,33.89334834717127,33.68435929285971,33.49966448408582,33.35627410893333,33.26852068595068,33.24534717677014,33.28837796967355,33.39150126009442,33.54222380775609,33.72416115529862,33.91976215932543,34.112461483725525,34.28797717249835,34.43481592435248,34.54423760337703,34.609944380718424,34.627663238357364,34.5947441529954,34.509822405849214,34.37257435910564,34.18357354093755,33.94427012087159,33.65711749723118,33.325858385210154,32.956079173892256,32.555939457894986,32.137262710383396,31.716588407029395,31.316125240630512,30.9634188920878,30.68923680112205,30.52227992853741,30.482380577130243,30.573984951432266,30.78469713984449,31.08865761484772,31.453991373152,31.849113787247084,32.24732717821341,32.62791956963581,32.97632783398037,33.28272481940867,33.54123305116023,33.74853078172977,33.90343382803355,34.005938739755514,34.05722507938592,34.058982510376524,34.01370425798213,33.9241309657715,33.79378824503634,33.62644404023484,33.426919724015924,33.20051046581453,32.954126883088065,32.69562642647437,32.43520152871169,32.18449755024389,31.957583210668858,31.769739827058117,31.636212048462244,31.57170579304596,31.584393837593115,31.6811706203184,31.85427835788953,32.10139550575031,32.39886965474759,32.74392925994948,33.10431667532421,33.48659450908026,33.8557364426585,34.23043369792235,34.57618195237535,34.919264996197946,35.23108576216681,35.53468604581174,35.81884705958396,36.08638254871339,36.362066079724336,36.61232956501229
12.5,40.441200755008886,43.053374743157306,42.371315510414284,41.66517506390279,40.97034370573177,40.27073752856342,39.62119830845357,39.02050966805091,38.51779654158261,38.10774621317418,37.81514320277281,37.61696562897204,37.51306801968347,37.473592636273125,37.492176032635555,37.548324121096634,37.63978597096812,37.756868658651214,37.89906454396248,38.060803717346644,38.239044915668075,38.42772769332428,38.620961039313315,38.81216265969614,38.99505019953553,39.164252000910665,39.3151055930919,39.444318162834385,39.54924388053006,39.62834727899334,39.68039077305713,39.70479229782106,39.70092655182024,39.668466285638026,39.606842162848146,39.51560488906361,39.39402718986335,39.24149152095611,39.057222068383524,38.84068435001972,38.591444363040765,38.309590332407936,37.99569600862311,37.65128509831933,37.278835096113724,36.882260785706265,36.46687393793371,36.03972118855128,35.60932661700663,35.18560508900372,34.77918667249511,34.40082791339973,34.06044268419473,33.766551831441845,33.525743106509765,33.34291904825721,33.22154526067888,33.16430188866034,33.17314767654835,33.24916036329772,33.391613005542,33.5971207173202,33.858806964925,34.16636041593365,34.50665197924153,34.86504408121754,35.22672752101818,35.57795979927701,35.90682517514571,36.20371182293013,36.46134588807044,36.67477313506805,36.84113582815423,36.9595490069716,37.03094386281024,37.058048373375776,37.045415816225635,36.99958475460502,36.92926716329774,36.845570997728956,36.762046631926765,36.69440843244517,36.65959816199819,36.67407090745459,36.751302721384874,36.899151104257044,37.1178744074068,37.39976161847143,37.730456346127916,38.091555717769445,38.46336198521659,38.8271898736527,39.166697750151016,39.468516430376525,39.722241780424234,39.92023603884728,40.057266404372605,40.130267326749134,40.1381170585151,40.08165719157102,39.96375891896961,39.78967017763498,39.56738422526293,39.308250629920266,39.02739028763151,38.74401852726503,38.48084286513256,38.26258444918285,38.11276414519626,38.04985305830382,38.083177819089784,38.21124706160493,38.42222876289482,38.69755332077184,39.015426269586555,39.35474513212554,39.69653072052025,40.02542379273423,40.32894378026542,40.59790964845969,40.825083953761656,41.00567347216593,41.13599039127927,41.21429400981312,41.23955257467636,41.21253423670319,41.134686218821415,41.00925673254306,40.84038930726664,40.63388933684348,40.39677381493491,40.13698406205813,39.86393766273265,39.58609165897797,39.31380910257684,39.053226046669394,38.814267101852664,38.598222562973724,38.4157168978997,38.262672039036325,38.15479345836474,38.08302732066809,38.07180888557105,38.105682463970936,38.21433698229105,38.37461926175092,38.608756124539724,38.89391083293414,39.22838158738416,39.6109698740739,40.008937325578565
16.0,38.53915684133487,41.86279801018,41.71396434514027,41.584587498979644,41.45250210550732,41.34125276902103,41.224687191126705,41.10967891419527,40.988678754483196,40.85461539529524,40.7104048811675,40.54199700848736,40.356299341307064,40.1379964851683,39.894189932738335,39.611933366151604,39.29729588224661,38.94175993804041,38.551100781663614,38.12279302068748,37.664613996172065,37.182069625864244,36.688388071604436,36.1993172726884,35.73587017854298,35.32235199497414,34.98225632387894,34.7358662496608,34.59287016516299,34.55250730268913,34.601499116965115,34.72005424715381,34.88475233326644,35.0739800565598,35.26928651343609,35.45681970535854,35.62674631857205,35.77278922211335,35.891394982471795,35.98104862611892,36.04173619644722,36.074414458230166,36.080687373477275,36.06237576586318,36.02125774811173,35.95869706977182,35.875424757849395,35.771292382207385,35.645196808319,35.49504630616231,35.31790203162784,35.11016219909588,34.867858899389724,34.5869673735503,34.2637288495837,33.89501705158028,33.47868059195443,33.014014380305746,32.50232590340984,31.947734599958252,31.35834005877857,30.747692597137053,30.13656098511283,29.554294361436305,29.03850687234149,28.631257863932277,28.37036865605501,28.278054906012997,28.35265793493364,28.569321994200156,28.88903496462146,29.270075918025256,29.676087105100866,30.079470436434068,30.461326538136483,30.809965095146367,31.119106799251778,31.38638861398205,31.612201957586322,31.798933767781996,31.950376380757604,32.07136316783517,32.16738791769991,32.244295415599204,32.30785592600764,32.363342713283394,32.414990191268764,32.465540608421946,32.51579453148551,32.564445805488276,32.608053041812354,32.64139125336445,32.657896019591256,32.650391104440686,32.61175444911294,32.53577934879821,32.41793138242357,32.256395814198335,32.053164919764285,31.81558980774014,31.557988163266746,31.303250071123575,31.083137417139028,30.9358960764823,30.899482707992153,31.00118285506124,31.248172802711363,31.624770419642804,32.0987031012037,32.63144045402705,33.18751364648386,33.73892202395262,34.266371321339115,34.757757334984404,35.206758564046666,35.61073050509998,35.9697443846565,36.285118895929166,36.55913320290749,36.794021562595255,36.99212028955146,37.15514710045342,37.284622727613815,37.38138581369117,37.44617658451807,37.47939333252236,37.48167853531165,37.453961025234904,37.397799368467545,37.3158129479495,37.21144497714625,37.08992734769294,36.95704145212014,36.82072181731486,36.6884495530482,36.56948008444879,36.470993679216896,36.400785313479474,36.36332133318986,36.3623411598038,36.39873103033742,36.47172863781056,36.579850520541896,36.71957878759621,36.88822986974988,37.082161545708075,37.29640583909691,37.53039769143798,37.77360791396688,38.032472797808126,38.28937318808488
20.0,38.52865361351086,43.562513433823625,42.95565664345158,42.30732570410153,41.59090238276934,40.826783754931874,39.98626218378098,39.07486893144443,38.07905067943494,36.995501819289274,35.81920058322536,34.54767765649975,33.18515726874273,31.74915297605179,30.274460642783968,28.845223629394788,27.575859821174035,26.63358648889334,26.10761931494463,25.99375168050962,26.15238863938619,26.447149498537993,26.76650949127064,27.054910035356375,27.28536570984962,27.450199507869165,27.551396505403382,27.592442324215614,27.579890890096152,27.517138176913846,27.409037397260107,27.257456156137142,27.06587329969423,26.83653782612013,26.57373074780451,26.281991501454822,25.96743022448618,25.636493950486635,25.29539635701699,24.949536435139844,24.60212845223008,24.255317198041908,23.909490494210374,23.566623428823466,23.23030259041108,22.909726698331983,22.61837004244881,22.375138203567346,22.198762527556198,22.104175216360822,22.09527842241438,22.163754122420247,22.289616645106854,22.447318176288675,22.610836968960246,22.758511928912032,22.87476150135477,22.95071595730162,22.983392793473033,22.974795057694138,22.93061454088072,22.859170261849265,22.770138990284437,22.673570500925393,22.578783962109846,22.49370954626022,22.42423068493042,22.37404542489284,22.344508297711624,22.334841871603885,22.342291756687388,22.36259928502089,22.390567001447206,22.420990608072145,22.449764143364654,22.4752261829806,22.49944021039489,22.529244810065464,22.57660067939192,22.657764430597926,22.790839529010306,22.991804537803894,23.27005461296402,23.6252516133391,24.047076597882583,24.517926328102906,25.017187167759495,25.525175602351588,26.025707771496105,26.507105578744397,26.962087532413364,27.38707142031002,27.781254753758716,28.145749029110654,28.482842614452778,28.795487743756745,29.086945941856698,29.36066243160175,29.62016921852802,29.86914704186406,30.111321189397756,30.350439675526033,30.58994721133494,30.83274795002287,31.080706776359026,31.334403608521647,31.592779334224055,31.853204716571682,32.11150106758386,32.36238356206664,32.59972181433566,32.8170976579906,33.00801647775455,33.166332870655474,33.2862849561925,33.362776262701544,33.39127466780298,33.36805883469077,33.290088364886614,33.15533626912434,32.96273475304694,32.712728243275876,32.407431472171254,32.05159182671328,31.653182430686044,31.224954442437127,30.785475876022005,30.36067920063505,29.983589913900737,29.692276900196653,29.523531559901862,29.503960024248087,29.64189097206516,29.924003866845812,30.32214036169062,30.799155345876386,31.323010892266176,31.863363398660177,32.40483754128077,32.93106539728808,33.44247767040332,33.93210110487345,34.4092775122385,34.871877643196896,35.33058862709545,35.78572719925482,36.24229118301705,36.70258266889458,37.16226519913548,37.62633728985017,38.08228203022501
25.0,45.53374208116261,45.068350245815054,44.9146565360539,44.76416753706243,44.613587185457256,44.4660370974762,44.31614788239482,44.16493591284231,44.01088476879729,43.8523263976727,43.68987330371165,43.52169318200189,43.34910041318434,43.171386585862514,42.9901451224094,42.806047044469445,42.62094466071525,42.43657201141738,42.25499047081577,42.07840376133859,41.90884687284342,41.74835383565459,41.5985890217248,41.46092169909002,41.33636272180176,41.22539392233308,41.12828306372725,41.04467639320491,40.97417582954117,40.9157845633214,40.86857079212819,40.831087689385264,40.801988731429304,40.779522231818504,40.76204916990249,40.747664901660734,40.734615921046704,40.72105065040055,40.705339087320276,40.68591819540436,40.661516121334536,40.631050981995685,40.59376411106839,40.54914787262993,40.49699994856898,40.43737464510422,40.37058319100848,40.297164144172086,40.21785779719461,40.1335860201479,40.045414159043496,39.95453814949018,39.8622275049935,39.7698222014193,39.67865633198636,39.59007404011974,39.505361817403674,39.42579212788634,39.35259533530777,39.28703200391401,39.230404098419086,39.18412917342068,39.149732490504725,39.12886140106123,39.12318661495355,39.134301427062695,39.163519782696085,39.211690412558795,39.278984198790326,39.364769928858806,39.46754180637218,39.58499303654508,39.71415645159766,39.85165797553217,39.99398602291694,40.137772709462936,40.280031238650835,40.41833355863084,40.55090609530647,40.67665391908836,40.79510347424624,40.90629201342311,41.010603915410144,41.108582387393554,41.20073977396079,41.28738565657311,41.36850744634464,41.44370406364079,41.51220389682643,41.57293880285816,41.624693304300806,41.666271943724496,41.696706563882785,41.71542551835295,41.722429138343685,41.71837681427615,41.704661304320936,41.683353521069044,41.657128926354886,41.62904233682493,41.602307247766376,41.57994113945989,41.564493847464064,41.557718336487994,41.560436623681845,41.572428041409964,41.59257453283913,41.6190227282016,41.649547884459196,41.6818471905324,41.71391907083616,41.74429047211635,41.772233409711745,41.7978163542501,41.82187966920158,41.845899046425686,41.87171867048284,41.90129888526695,41.93628000997498,41.97778596966015,42.02596449324961,42.0800775846072,42.138140585182,42.19743867446441,42.25422639978448,42.30461509310128,42.34417550021747,42.3690125946146,42.37520508417566,42.35985080911615,42.32055418148012,42.256118274165246,42.16668852273021,42.05342755633568,41.92044651231157,41.77216088358891,41.618719676443085,41.46880530058044,41.340460274279316,41.24625153991963,41.21034636255122,41.244173318872306,41.36834043504477,41.58386259921503,41.89480437405092,42.28922887105482,42.75256427967645,43.270061532263746,43.81869305440331,44.38967161732276,44.96408817818677
31.5,41.048188513258864,44.058888119522905,43.46824959549284,42.84637610133351,42.193650908496025,41.51292265293915,40.80847556481758,40.08781964522942,39.36251558964399,38.645157427451295,37.95597429988775,37.31157822745568,36.73583829393584,36.241733099162786,35.843966444173354,35.540754714318325,35.328506976408605,35.190574688454014,35.11152174276471,35.071551781399975,35.05535942138663,35.04871372975614,35.04166941067135,35.02665883416753,34.998643594424486,34.95467739619636,34.89287098774319,34.81300154090806,34.715135841396055,34.600762968129025,34.4713811089231,34.329744395136686,34.178480766828415,34.0212091740066,33.86121102211585,33.70235103380595,33.54790057068244,33.40133453847356,33.26543328726905,33.14302516886964,33.036361323367274,32.94773281569715,32.8789160714074,32.83152052520456,32.80636321591262,32.80358895470907,32.822137494791306,32.85992171893594,32.91366422745198,32.979339950052115,33.05237107646947,33.12818532624925,33.20248563810714,33.271647964647755,33.33284609730271,33.38419719543333,33.424728453446654,33.45435384868552,33.47377491261947,33.48440381918947,33.488265856928074,33.487918774823505,33.4863665778017,33.48695510603042,33.493250940892885,33.508865625020874,33.53725434287346,33.58144940752193,33.64379459767869,33.72566525773803,33.82725495772632,33.947441912745276,34.0837859402539,34.23266104602866,34.389513468734975,34.549196646342644,34.706358678528844,34.85580577569902,34.99282521340024,35.113433528156534,35.21454540746445,35.2940727792985,35.350953252348766,35.38513369519409,35.39751260721013,35.38985791464913,35.364701472841574,35.32521850266716,35.275083780918365,35.21830855808848,35.15904233326365,35.10135197807789,35.04897446181665,35.00507518724976,34.9720366687188,34.95132222301685,34.94345006241997,34.94808089303495,34.964231780206426,34.99052811210045,35.02550921047111,35.06782549169068,35.11641091260466,35.17044652891447,35.229321489681986,35.29238075679537,35.35880487080356,35.427333825287995,35.49627476455345,35.56337601296256,35.626059501054804,35.68143825497857,35.72668413767966,35.759039657734974,35.77618043929205,35.776102817497424,35.75743132597429,35.71917126680033,35.66102695538948,35.58307901591621,35.486223519421685,35.37183453689393,35.24241671812793,35.101251098614775,34.95327234538863,34.804599019653,34.66344423320429,34.53928421234391,34.44328509100222,34.38681748518827,34.38075556525683,34.43371397685741,34.55040831368446,34.73141644103622,34.97179450439041,35.263835535929836,35.596141063661854,35.95792267097733,36.33787905534106,36.727059389919,37.1186126665539,37.50673829273839,37.89000576381466,38.26457700661395,38.63330360330104,38.99287900656348,39.34800715430437,39.69605559735446,40.04007229025467,40.38002273600221,40.71590821492472
40.0,45.4724833885145,45.905547175945216,45.401844603121766,44.87370079269144,44.324342846998086,43.75118890138724,43.16057411188353,42.55279143290727,41.93614863830437,41.31458113298513,40.69853825577749,40.095158260870186,39.51639034369039,38.970556888898514,38.468599632069704,38.01650574953558,37.62059510400968,37.28145858894274,36.998899784829845,36.76816353336865,36.58417645073239,36.43978777192076,36.328405386416506,36.2434118878071,36.17899347429675,36.130201998459576,36.0925612371492,36.06255278184922,36.03671577675885,36.01240460646286,35.98683964345297,35.957971301111314,35.923660404610374,35.88249454827869,35.83311888982781,35.77491031964056,35.70742944347694,35.63092635599361,35.54589191081928,35.453413434539705,35.354808252777715,35.25186533046953,35.146535400187815,35.04108557122426,34.937812007926105,34.83912687474042,34.74728512691789,34.66441951422589,34.59230886665483,34.53239866349221,34.48565088309703,34.452600437516594,34.43329421650688,34.42739196917727,34.43416868695796,34.452625148116894,34.48150911188892,34.51940195172267,34.56473222401093,34.61583870975527,34.67098450845213,34.728413947566835,34.78638383200489,34.84322710819001,34.8974060832579,34.94757395484629,34.99262980446831,35.0317628015563,35.06447895271309,35.09061181142321,35.11030209763923,35.123961071261775,35.13221054003731,35.13581009904936,35.135583480085316,35.13235130024415,35.12689049701575,35.119925033553294,35.1121580579682,35.10434423697541,35.0973924579308,35.09248123355296,35.09116415302518,35.09543435275931,35.107717665187465,35.13077430603416,35.16749329954054,35.22059127077556,35.29225112700254,35.383757285914555,35.49520106639664,35.62532828396037,35.771561022312824,35.93019702599107,36.09674831885564,36.26634125811319,36.43412892259747,36.59563555046694,36.74701616151583,36.88521687265646,37.00803340564694,37.11409759637135,37.20279221899874,37.27412346582678,37.328563846903094,37.3668804582558,37.38996697573245,37.39869156735784,37.393772844829,37.37569887348126,37.3446907550329,37.3007126493007,37.2435254918064,37.17277259747093,37.0880965801051,36.98925898429879,36.87628496516678,36.74958895409781,36.61012266461184,36.45950159473668,36.300145668782505,36.13539787529056,35.96963979092357,35.808366487694926,35.658204266791536,35.526857948049916,35.422893060358724,35.35542047963253,35.333543572802455,35.36570556982855,35.45897028721067,35.61819532643519,35.84574829064972,36.14080588977159,36.50016950145947,36.917635262349705,37.386009103172775,37.89605438084846,38.43921103659393,39.005890233459986,39.58814023627107,40.17788173646184,40.76849711441998,41.354408636932476,41.930140092012635,42.49310631865309,43.03840653563672,43.56660583573515,44.073048508623664,44.56093482131105,45.026673653820296
50.0,58.539961990459226,60.264851622546736,59.73069091047219,59.16797827683037,58.575077042797965,57.95095084798484,57.29521919068815,56.60868738060323,55.895115108889605,55.160232617505294,54.415047277333755,53.676054977848686,52.966498741420615,52.31816384174837,51.76573470410352,51.34549275625396,51.08059715583679,50.97910537598477,51.025522829028354,51.19117720416835,51.43888059222916,51.734380413161304,52.048727479831086,52.36085765207548,52.656227072029075,52.9255392811085,53.16345910266602,53.36712360801372,53.53568647506564,53.669316955803566,53.769208032288454,53.83696678442921,53.87479106731636,53.885098020818404,53.87072140872096,53.834679398345386,53.78032617795944,53.71119474378794,53.631078319749776,53.54388686574851,53.45365038827837,53.3643522570874,53.27984747486661,53.203671698869535,53.13889586684347,53.087950573628476,53.052491800032655,53.03330142698851,53.030248189704295,53.04231535083365,53.06768555029105,53.10388570932359,53.147950166654965,53.196612149220414,53.24647654946094,53.294184603081334,53.33654487206778,53.370644010127705,53.39392231903883,53.40423857968703,53.39990458442705,53.37972012319675,53.34299146511883,53.28955427943376,53.21978722925362,53.13463693720007,53.03562893665379,52.9248889778317,52.80514576776972,52.67971390104917,52.55245999078055,52.427707020196756,52.31010384818823,52.20441486081561,52.11526002195414,52.046808737297866,52.00245941535131,51.984555702567235,51.99418274051476,52.03108147604258,52.093696666567595,52.17934887225607,52.28449287433897,52.40501675767894,52.536537412331995,52.67465290189554,52.8151449436385,52.954113713342494,53.08806288882194,53.21394390774351,53.329170400268104,53.43162459930055,53.51965304528878,53.592065948562336,53.6481413973355,53.687632229825596,53.710777877903915,53.71831209827563,53.7114633442326,53.69194192098975,53.66190201026222,53.623879080668225,53.580686244097215,53.53528619669393,53.49061968395351,53.44943583025809,53.41409817880147,53.38644701500134,53.367668082813836,53.3582718292104,53.35808063434929,53.36635086736405,53.38185106533047,53.403072005252724,53.42830551615846,53.45586538119542,53.48408872666418,53.51153450871102,53.53688139883592,53.55912752953434,53.57739649356731,53.59119012527114,53.600119971804574,53.6042588952542,53.60380553004772,53.59955007630297,53.592475296619774,53.58429831169189,53.57703015968673,53.57347007360916,53.57680251790073,53.59079328394315,53.61962094843182,53.66738307212109,53.73855620495214,53.83634613042872,53.96440669891206,54.12364348466856,54.31588177318023,54.53896901394045,54.7926491719441,55.07221384946391,55.37586802340013,55.6978925387887,56.035647428732254,56.38422447907615,56.74036197636479,57.101374795429464,57.46320898989013,57.82579623771622,58.18498152646648
63.0,57.512423892366094,54.13420996514323,53.746350077864975,53.354785153577275,52.960664914911966,52.568451360617814,52.178998464468606,51.796835681864465,51.42530917790627,51.06781034455932,50.729149825315545,50.4114006794086,50.119149317789756,49.85296861972628,49.615757467589994,49.40649745976816,49.22578529574821,49.071319261600124,48.94178059631323,48.83429990790083,48.7466233710762,48.6760802933874,48.62039994621645,48.57752130631121,48.54559034765123,48.523113310989665,48.508618539503715,48.50088959679442,48.49861298534104,48.50059775204606,48.505554044328235,48.51227595071794,48.51956841630822,48.52638739506379,48.531872617520555,48.535439440939925,48.5368573068499,48.53628252292455,48.534320120002256,48.53197281805684,48.530631490802314,48.53191945802899,48.537589305576944,48.54928609677826,48.56839995013289,48.59584123465019,48.63196065529838,48.676452085319575,48.728421794313576,48.786457608069604,48.84881596760472,48.913577183766705,48.97884563392743,49.04287790487366,49.1042191750314,49.161751282561795,49.2147502844525,49.26287511633057,49.30617065352845,49.34503191017261,49.38017640457162,49.4125954159455,49.44350631069618,49.474285525928536,49.50640355010133,49.541341558530895,49.58051908855542,49.62521588364136,49.67651227052441,49.73524240034927,49.80196123225454,49.87693362447195,49.96012715989647,50.05122142234094,50.14961681839993,50.25444696197417,50.36459829620787,50.47873023734507,50.59530362075027,50.71261762427142,50.82885012965427,50.942111765543466,51.050496693786386,51.15214026953954,51.24527516872458,51.32828541371234,51.39976124940272,51.45854823312729,51.50379366255762,51.53499121015638,51.552018293191026,51.55517292060402,51.54519990316612,51.523314268988415,51.491209556880605,51.45105934732179,51.405489663711215,51.35753430978588,51.31054202346764,51.268049375876075,51.23358887025738,51.21046320543303,51.20146901287428,51.208637198651125,51.23298633545086,51.27438211273827,51.331481863667065,51.40183706421581,51.48207445057536,51.56819305969263,51.655849631724124,51.740675684907025,51.81849343382335,51.88551372702481,51.9384056215118,51.974358649569574,51.99102942627694,51.986521991233076,51.95927769185084,51.90804238776903,51.83176106989815,51.729590226789,51.60084802703607,51.445121430330126,51.26232841871438,51.052983559626036,50.818454501440826,50.561493771772334,50.28680017657067,50.001929420208526,49.71813695697516,49.451401998491285,49.22268700835869,49.05741320082191,48.98259088668017,49.02233466574852,49.191754051373806,49.49275183797273,49.91329701470194,50.43085922197569,51.018591882440454,51.649783254992336,52.302292829179976,52.95835541062144,53.605857209965535,54.23644108883069,54.84479254474799,55.42907500503552,55.98669855860184,56.52004161678705,57.02808356846198
80.0,52.45216457251839,51.63045371340133,51.069711774864984,50.48875251459592,49.88989456852491,49.27868653154651,48.66139193045566,48.04752094671403,47.44941251723112,46.880473054913274,46.35681874491028,45.892105254379494,45.499098591544254,45.18383790526529,44.94755177956765,44.78390291814924,44.68239190957679,44.62901987488515,44.609481353989686,44.610374903284196,44.620527401582706,44.63134717780402,44.636767752185804,44.633039971234595,44.6182515904728,44.591982471092024,44.55486297564802,44.50826658694791,44.45402560130992,44.39420286505181,44.33096233182475,44.26642067582278,44.20262681382158,44.14147599324359,44.08474434251188,44.03404317209706,43.99087315610477,43.9565914167203,43.93245493692195,43.919563807533216,43.918855327682785,43.93099476782537,43.956297814253986,43.99458712038921,44.04510196903032,44.10640147974864,44.176361708405416,44.25220827859672,44.330635637281766,44.40795715631332,44.48027611395907,44.543651765494786,44.59423404583788,44.628364757211195,44.64264513816812,44.63397118618811,44.59955903216464,44.536965253575154,44.44411794015127,44.319357792228324,44.161514823329135,43.9699925011782,43.74490480051132,43.487233013688495,43.1990227269965,42.88365444664623,42.54612634874923,42.19341567122571,41.83480634413337,41.48210269092094,41.14960618754482,40.853524852481115,40.61070490659642,40.436536782293295,40.34242692364249,40.33352840669028,40.40761379181429,40.55559907198935,40.76349823948196,41.015025637520395,41.293976295872135,41.58587881946984,41.87880329974428,42.163512273366635,42.4332085716736,42.68309014086293,42.909883604835706,43.11140658085361,43.28622356170732,43.433393753347616,43.55231180408477,43.64263805417025,43.70430007927244,43.73756098297783,43.7431435036742,43.72240063230352,43.67751755468675,43.61172821230142,43.52950919580049,43.43670878244183,43.34053176737811,43.249308676852685,43.17196934483573,43.1172214728733,43.09249150123936,43.10286272578,43.1502538148412,43.23313703636611,43.346852049507625,43.48446109611614,43.63784348765766,43.79879282450222,43.95986083646994,44.11489980614035,44.259287426132914,44.389927644772385,44.50509032331632,44.60417583800367,44.68745489577608,44.75580821520414,44.81050779537968,44.853016840422704,44.88485242969081,44.90746999639492,44.92221957734196,44.930341171788456,44.93303779556351,44.93162738784114,44.92774852678287,44.923698958243364,44.92271505449278,44.92941309582748,44.94993305291179,44.99215664136837,45.0653480895659,45.179556073373675,45.344593575042175,45.568260792762906,45.855655794161834,46.206869522371875,46.61867908980514,47.08247233095559,47.58883924706281,48.12514638378079,48.680969083780155,49.245162125917226,49.809482962503935,50.36716371330683,50.91246622282406,51.44332405345228,51.95649646748521
100.0,43.29455825876708,44.4642165077676,43.9797433142251,43.48731597420516,42.996287486303586,42.51126973495377,42.04262559490238,41.59863582878679,41.18760351595091,40.81624714121355,40.48753962279218,40.202181652037524,39.957170732808635,39.7476814283729,39.56768809096727,39.410817719698,39.27171572092605,39.14573840674354,39.02992681356141,38.922206094679005,38.821708436254724,38.728067398546386,38.64124831197303,38.561205248913346,38.48750264692586,38.419428715255535,38.35568096372945,38.294887671813285,38.23545067441418,38.17624713202593,38.11650895004365,38.056405610900114,37.99677899313092,37.93942051420445,37.88660835095356,37.84110251739639,37.80561777492201,37.782723070096836,37.774448356340734,37.78225742193223,37.806847711370416,37.848192305299726,37.90542779515406,37.97688687942583,38.06003280812928,38.151526585664136,38.247297306379764,38.3427532947886,38.433015013439324,38.51323992273723,38.578887789778314,38.625998999759005,38.65135898210947,38.65263708203323,38.628426925243275,38.57828288441403,38.50270874508057,38.403183246364655,38.282174792641925,38.143185954792976,37.9907842303666,37.830577894383325,37.66909756772024,37.51351590819547,37.371168421226955,37.24893705755062,37.15252303223389,37.08582729991364,37.050546341156235,37.04613515855189,37.070116284694606,37.118646076196924,37.18715184238603,37.2708993453218,37.36537998505352,37.466507325577055,37.570664962095115,37.67467266738549,37.77573858268635,37.87144632322673,37.95978052961796,38.03919599840795,38.10868378598444,38.16781969087754,38.216759339658964,38.25617405393429,38.287129025531534,38.310915528455126,38.32886773056726,38.34219366735869,38.35184604573237,38.35845751147405,38.36234634245209,38.36359140542007,38.36216133424779,38.35807534799844,38.35156934299212,38.343238739406814,38.33412776528089,38.325735563786246,38.31992030469949,38.31868471517171,38.323863320004776,38.336744044535656,38.3577003352322,38.38591071148215,38.41924743966319,38.45436642989402,38.48699969089035,38.512382307936946,38.525748841569154,38.52280658535487,38.500139023140264,38.455499495349144,38.388002136244204,38.29820852730734,38.18814205698695,38.061229150043246,37.92218725336576,37.77684356922033,37.63187325465117,37.494431034215566,37.37167327819325,37.270173241805786,37.195323995108595,37.15079156790209,37.138236764578295,37.15729568098381,37.20599134486155,37.281333542796986,37.38010531675501,37.49955846592765,37.63782852287909,37.79425315797541,37.96900332274205,38.16307361373773,38.37734784062603,38.61264175147002,38.868858367504224,39.145267817607476,39.440349917156055,39.751936222459186,40.077851427047904,40.41545701861138,40.762613166291494,41.11707949656366,41.476588704613526,41.83994893441752,42.204199496653615,42.569720638368395,42.93368968761267
125.0,47.88873124371669,47.27366776565994,46.72884421249391,46.17848623635018,45.631685995854944,45.09050316561229,44.569618790889166,44.07811495755389,43.62728253358517,43.22561341482336,42.87819134449096,42.587204927194264,42.35031299140776,42.16334554589977,42.01971103580526,41.912880334543765,41.83617231751419,41.78394841446462,41.751274736727744,41.73420393806229,41.7294155628396,41.734211764298266,41.74623861990251,41.76347263374974,41.78400151845305,41.80605524751822,41.82784460782807,41.847667293277695,41.863847557547984,41.8749280237137,41.87971336796119,41.87747966803836,41.868039840771786,41.85186020622338,41.83004120113635,41.80426874621308,41.776663695814655,41.74958522340803,41.72540040832229,41.70623802190842,41.69379488330176,41.68916798224697,41.69278948009999,41.70440014273595,41.72312106860987,41.747534371705484,41.77582774962264,41.80590670163289,41.83553592327889,41.86242593904754,41.884323994406955,41.89904860742895,41.90452558150003,41.89878162033055,41.879956164427654,41.84630178425487,41.796224271940545,41.7283436313435,41.64160656679246,41.53541881186608,41.409825544498496,41.26567172962596,41.104773998605246,40.930021628902516,40.74540548181014,40.55595194270661,40.36751023554323,40.18644620458175,40.01922909650614,39.871989225538954,39.75013505285772,39.65805220194109,39.59895770217923,39.57485401696667,39.58654923096203,39.633678244550346,39.714688925401134,39.82681726773298,39.96609336331274,40.127447841648646,40.30493456576583,40.49208403618997,40.68230674182186,40.86930622273589,41.04742551955462,41.211892592813655,41.35896191631508,41.48594650412521,41.59116597014388,41.67384084115895,41.73394327630625,41.77204290754605,41.789149684676836,41.78658724949801,41.76589807339643,41.72880172661049,41.67719735132153,41.613214705806044,41.539285249952734,41.45821552883695,41.373216807333165,41.28786190060438,41.205934635179716,41.131169533298014,41.06689917435803,41.01567055215611,40.97891383180208,40.95674832402845,40.94799664332176,40.95040013597356,40.961021607167616,40.97671254557297,40.99460265405785,41.01246907292495,41.02901114360446,41.04392274385891,41.05786600118225,41.07225770094428,41.089017704862705,41.11019221996209,41.1376237021294,41.17258338278404,41.21553279989933,41.265936418959505,41.32223190843046,41.38190422074416,41.44165628861192,41.49769817538876,41.546008326637924,41.58274075021764,41.60448775826345,41.608770256701774,41.594352575307596,41.56184264535768,41.51430062991035,41.457838706516064,41.402846305967216,41.36371539351209,41.36051779793213,41.41520937789597,41.55264446651266,41.790528367654964,42.14125258562714,42.60068951875417,43.1567020782833,43.78575506539262,44.46261363248542,45.16459965582675,45.86921298358995,46.565490379445706,47.240183557165096
160.0,47.176732376334144,46.37135162083354,45.614288817244415,44.82774474981085,44.023189134538896,43.22028606517528,42.442019562713384,41.73035161630226,41.11063669806629,40.61997408215547,40.26345857478667,40.03935909361414,39.92020828604297,39.87522529438245,39.87081818663257,39.879785517769726,39.88258727603967,39.866635273186986,39.826101697821514,39.75958499382611,39.66953575657912,39.56088520667743,39.44011937511327,39.314590640847726,39.19125460369485,39.076212297176035,38.9736388027566,38.88569810873976,38.81236585668819,38.751902563053704,38.70154795139028,38.65811181240852,38.618776815805774,38.58121270328628,38.54395166667488,38.505975260448785,38.46675954924986,38.42575237037849,38.38247961847977,38.336310180926844,38.28683322453315,38.23394116340313,38.178302219098505,38.12146434621277,38.06607730657713,38.01569736225264,37.97454929608501,37.946938557430926,37.936660503036805,37.94628921074065,37.97667528136639,38.02660990979031,38.09284814517668,38.170383236226286,38.25297785068338,38.333779008829865,38.405968071032326,38.463328459607055,38.500720837165915,38.51444130764854,38.50246324854982,38.464582898828546,38.40244852425041,38.319482027309576,38.220652683469474,38.11211792406723,38.00069850842358,37.89326483989642,37.796073983482046,37.714187101627154,37.65107513727139,37.60846994542809,37.586488623707154,37.58394970459328,37.59880385746477,37.62855917560409,37.670645914426274,37.72267139167361,37.78256796269776,37.848642900140796,37.919544178526905,37.99417008704171,38.07153471194827,38.1506330808766,38.230328675232634,38.30930772334015,38.38611413854032,38.45927422541931,38.52747456801747,38.58976420977263,38.64571202378295,38.69548196593136,38.73978950699549,38.7797324270231,38.8165490009612,38.85132501033666,38.88478676953315,38.91716929601722,38.94829400242883,38.977737007357156,39.00515395005632,39.03053974429595,39.0544763111194,39.07813381780362,39.103165999893925,39.13133446864096,39.16413684850614,39.20234485023251,39.24580005498085,39.29333407657014,39.34308618493982,39.392934343945555,39.44119028782914,39.48718014131111,39.531839575705774,39.57794932457132,39.63016057615477,39.69449667478556,39.77752169926731,39.88507713319762,40.0209356796131,40.18564532091293,40.375890693428296,40.58467352656311,40.802055663664305,41.01646521721964,41.21592211724581,41.38915419752594,41.52640555657111,41.61968799810118,41.66334219959828,41.65347152756482,41.58896800435627,41.47025715717536,41.30164372746978,41.08945025728097,40.84670194810543,40.59066846413466,40.3503396742968,40.16145932785476,40.07260060318289,40.129567729381435,40.3715520199205,40.80750567530737,41.42035190602202,42.16628519407833,42.99636482130942,43.86452232473466,44.73596339990293,45.58662638661296,46.403985196925944
200.0,41.73934381378291,43.00046618611578,42.18194557136705,41.31887115108705,40.42538129019906,39.51818244390165,38.63702489559807,37.82873842563746,37.15524187969966,36.66410233305768,36.38410013574307,36.294929949956696,36.35604963313794,36.5041968710457,36.69154862111253,36.87579675440898,37.03497789477507,37.15391713828123,37.2285675291445,37.258371371436205,37.24759166545406,37.20229546602111,37.130433806446156,37.04077680257333,36.94231470793177,36.84368905998579,36.75236617878169,36.674256735943075,36.61321745772712,36.57110756179025,36.54791678922252,36.542248774464085,36.551777078095654,36.57374091124085,36.60530131279359,36.64379524599934,36.68691173339157,36.7327911882843,36.78014109051683,36.828291728747104,36.87725640641207,36.92768524739144,36.980762850646016,37.03796468510946,37.10076556578262,37.170273952218004,37.24692247250794,37.33022378987946,37.41866999753176,37.509774080590795,37.600210486628356,37.68604787487237,37.762978375356376,37.82656212277956,37.87242829603264,37.89647570970017,37.8950556320309,37.86518594941329,37.804771896048564,37.712860435516944,37.589898031620365,37.4379642048931,37.26094495192968,37.06457047377689,36.85624107841975,36.64460358385612,36.43880073616613,36.24751213211123,36.0778963949169,35.93470725031522,35.819841036107526,35.732411511324905,35.66934574059456,35.62625843389253,35.598371498345415,35.581259070862295,35.571324628794166,35.566017941613026,35.56385700735003,35.56433123466105,35.56774556202446,35.57502538018552,35.58748606294217,35.60654934727292,35.633411301335336,35.66867823184158,35.712036169648876,35.76200591973704,35.81585405827578,35.869676852809256,35.91865265534763,35.95739940183738,35.98039518981464,35.98238977510928,35.95881563242552,35.90617305771012,35.822450916082495,35.70759554620995,35.56407660952598,35.397511132594104,35.21727353941599,35.036836245454865,34.87349435346721,34.74699437018876,34.676797955193884,34.67828159596277,34.75902431910401,34.91678082273803,35.14016659215707,35.41170345398246,35.711754380851936,36.02189926091868,36.32693087019164,36.61557076589833,36.880234535695486,37.11639762277158,37.32175840382804,37.49554825230486,37.63789074946901,37.74944523313606,37.831102161447554,37.88393823687356,37.90915587218994,37.9081868263732,37.882754442428855,37.83495103237221,37.76737506887563,37.68307114404222,37.58575461688545,37.47957661368299,37.36939147399858,37.26036507704589,37.158069989349926,37.068107971508795,36.99576320529462,36.94608677859456,36.92317273625847,36.93107949603542,36.97336585753429,37.053954230563335,37.17801043435757,37.34984845535185,37.576619590825125,37.860244753439865,38.20559507617542,38.60736628966528,39.06288390947435,39.55949228280845,40.087663364795745,40.633384195777545,41.18692318424944
250.0,41.659657145478576,40.44555745004529,39.614952093168945,38.758050233328,37.89835141662227,37.06982740318124,36.31106227517093,35.668529454649274,35.16510519690339,34.80853688241407,34.57335399839037,34.42310436651725,34.316635050648046,34.22228117659985,34.11990869630342,34.00216877450732,33.87014625273188,33.732581930012856,33.59953509103,33.48250955575353,33.388979174244646,33.32357187326734,33.285938298688436,33.27275547708083,33.278565477768055,33.29717957514007,33.32319632944104,33.352117193785325,33.381349984145984,33.40958187235337,33.437156943446766,33.465208709577375,33.49552446734794,33.529681848813865,33.568784808566356,33.61301968592131,33.661852895639,33.71431625150712,33.769735590644736,33.828323212587165,33.89172023512853,33.963026077441576,34.04643575882476,34.14633724494607,34.26624326429309,34.40773228300759,34.56986936883326,34.749189340646744,34.94026549546169,35.136598188815306,35.331453898215905,35.518496283084374,35.69199304814529,35.84675438267533,35.977847340054325,36.08029420247731,36.14886366726408,36.17803899454947,36.16216715016151,36.09576375183349,35.9739141112581,35.79271395206814,35.54974756729037,35.24456699270046,34.87921685456125,34.45886030556576,33.99246902424655,33.49364011805471,32.981317253639936,32.48006965327333,32.01933799740284,31.630709222015124,31.342959706142373,31.175632099846577,31.133789821249533,31.20675463301815,31.371686526741488,31.60003658944799,31.863806200331965,32.139698030606574,32.410855235999264,32.66691454469685,32.90309039719146,33.118891692049466,33.316701971254005,33.50040185541079,33.674098680513325,33.84107311742066,34.003005853135654,34.159555996947724,34.30824445006703,34.444609506681864,34.562512086091594,34.65452805169508,34.712393631760875,34.727497048411095,34.69148412321094,34.59702162461431,34.43886532797573,34.21533266976807,33.93039677716503,33.59642144107551,33.23730140883312,32.89066050796963,32.60631575440278,32.43724052957503,32.422673445756374,32.571139678217634,32.85618847447787,33.22835845498373,33.63377267659391,34.02749380626008,34.378553683669615,34.669153948416415,34.89186211941777,35.04655122747788,35.137977758187866,35.173914421372615,35.16375770130539,35.11755175209397,35.045206207432265,34.956189663029306,34.85922071601669,34.76244483874944,34.673273716390234,34.598457995573014,34.54360333019245,34.51271775575284,34.50763090751933,34.527537845773,34.569163252703625,34.627062514663336,34.69453551070152,34.764592645637656,34.830805089933804,34.88838162822698,34.935343256468826,34.97265108071301,35.00846748444986,35.05381448569414,35.13391250324283,35.27120519526953,35.504675079648955,35.8524475613325,36.3373744123425,36.94570802402262,37.65934165580194,38.442575750278266,39.25811060994298,40.0810272451331,40.88508003311431
315.0,38.439371447133176,37.96453369241573,37.18293306513564,36.38053389842097,35.5810085658575,34.815111871242514,34.114797948684284,33.519409246580246,33.043071967560174,32.69121855461528,32.44209929089658,32.26563701046514,32.13294574150456,32.018343287880725,31.912797687157045,31.812029497373455,31.724234313755492,31.6576799283578,31.622418474644217,31.623199175709495,31.65946342011978,31.72489403633361,31.80920094963117,31.90073700584211,31.98851467152207,32.06360574664524,32.11997429253186,32.154261415677794,32.165952033196476,32.15666867147735,32.130150449643345,32.09150853384405,32.04692809024127,32.00275903199837,31.96486069115047,31.937663269509343,31.923709304315118,31.923394809627673,31.93545724338334,31.95770697925319,31.98820234765636,32.02617198679383,32.0727927140602,32.13127436972553,32.20649269607736,32.30392606346799,32.4283446096501,32.582381910905916,32.76552031509526,32.97370139372496,33.199630317235936,33.43365296430309,33.66479818779064,33.88178872106076,34.07378229073718,34.23082506448739,34.34408982445048,34.405963696639155,34.410096619665104,34.35147294988865,34.22656906996461,34.03364283129871,33.77323004902331,33.448874237071806,33.06814669510247,32.64394355838369,32.19576371830856,31.75046914207327,31.34133159596077,31.004100639028735,30.769716566746332,30.655615522766727,30.660116807917316,30.763463921399676,30.934865592934532,31.14127801861487,31.353979567498556,31.55172499134203,31.721248044221802,31.856434401234132,31.957010618346054,32.02718105908838,32.07422515044854,32.10704484838009,32.13459842957451,32.16437806243283,32.201143913249865,32.246232731981756,32.29759320678798,32.3505129544195,32.398753461492234,32.43575372227245,32.45560862209545,32.45368093175936,32.42687074123151,32.373629107729364,32.2938789627063,32.188975447544614,32.061802538927736,31.91704262752839,31.761539024790583,31.604573456378485,31.45775791663684,31.33423212090471,31.24693774774412,31.206179757497733,31.217128184165077,31.278266759434302,31.381581676766036,31.51441776664598,31.662362900896856,31.812002339001033,31.953001704196517,32.079070465856105,32.18813600986713,32.28170321317032,32.363856085555504,32.439879741446674,32.5149021484112,32.59262890563923,32.674534874359956,32.759576674496984,32.844506533556796,32.924610320792,32.99471810005785,33.05017155132409,33.087808718142526,33.10655594862395,33.10804711507418,33.09664581906454,33.07932020902944,33.0648537205822,33.062348314357905,33.07970085565303,33.12136645505871,33.18739461384026,33.27379340958627,33.372209458665886,33.47671882416287,33.57878618746796,33.683740987582645,33.79253785323131,33.93080704813899,34.111231280055605,34.37110401718089,34.72080566720964,35.17712175025451,35.72990465452405,36.35719951529858,37.03813064881718,37.73843397249682
400.0,35.522585058636565,37.65264519231357,36.63972713063055,35.57033933472853,34.47327048190439,33.406838276357725,32.44433865370432,31.68469332953392,31.181906523255698,30.931965427190057,30.870570644989378,30.901221448006932,30.956067113212082,30.981474344243058,30.964127502095444,30.90089826683036,30.807825195089407,30.70327341437414,30.606940410709434,30.53320749461686,30.487292635214548,30.46616905187431,30.45933896981536,30.453283494507808,30.434851252646595,30.393554740642625,30.323926031097642,30.22538903294384,30.103444872309613,29.968692413723797,29.836509354108742,29.724590008785977,29.649745311065104,29.623546229174007,29.648653816214367,29.71750024541597,29.81410184252949,29.91824068010702,30.010410703926294,30.07580990305991,30.107188477911826,30.10613258284988,30.083478104684794,30.058119614889534,30.054290191274198,30.09654481428135,30.20364315663844,30.38316166580849,30.629568377356836,30.92656443919723,31.2520657770671,31.583345580056637,31.900279449348766,32.186646656565166,32.42986853777265,32.62016493556193,32.749606768724476,32.81147415301759,32.79995748356818,32.71027837759241,32.539137910429034,32.28550983132332,31.95176311622863,31.545094663832096,31.0791549956256,30.57551636193744,30.064003107412425,29.580585466752765,29.161503742009046,28.83430715194121,28.60963377477279,28.478812523615638,28.41924067607746,28.404135559159485,28.41142735950622,28.428818498091445,28.454842971285398,28.4970387051779,28.568209104724758,28.681661710493387,28.84642994819948,29.063881378615935,29.326723906225194,29.62056606570062,29.926987339447155,30.226825829287645,30.50268580887826,30.740428948622874,30.929791253403025,31.064507300877157,31.142159992935127,31.163929801376856,31.134236251082346,31.0602361864947,30.951119187362934,30.81718183762844,30.668812545628473,30.51561544912972,30.36602202023564,30.227568422979765,30.107792761052337,30.015256441222505,29.95999210246066,29.952608715144805,30.0019145575926,30.111631085326863,30.27784540443285,30.488448017071356,30.725279088080608,30.967689524007223,31.196400708893005,31.3961495602088,31.557169748575582,31.67530337226859,31.75146008535197,31.790373174223156,31.7990448946229,31.7849743961858,31.75433330423617,31.710713913095205,31.6542791548942,31.582188148114646,31.489267950173563,31.369715999643233,31.218367753643275,31.032327890435347,30.812244869602164,30.5633883144254,30.297290855342407,30.032063310635166,29.793279772131683,29.61111505993233,29.515357400488323,29.527328002528137,29.65041829976332,29.8690929938104,30.150886449305162,30.456212881034787,30.75072529101046,31.00144672860351,31.20088610961227,31.33421979830805,31.432446696864137,31.50338468021236,31.617206436462475,31.802048384718642,32.124921443230164,32.59899473448875,33.21023938447991,33.93914588521234,34.719583347472195
500.0,31.65585546964556,32.0771267996844,31.125431001594826,30.15315073729482,29.192468906847232,28.323368039523793,27.5840273736625,27.047432038421636,26.699150439420162,26.501762578564506,26.390321144480456,26.287695880351563,26.163750426510084,25.98185083638285,25.758948953956878,25.504627605834067,25.262958941250492,25.06759130895039,24.954449762131738,24.93505657275027,24.999913790223488,25.120423881332435,25.26049131591598,25.386530764206576,25.473099109864556,25.503925781311008,25.47235747844291,25.379054853640348,25.232719956362757,25.04853285692823,24.8490547871836,24.662023215122648,24.51756677360111,24.44158722406581,24.448628696518423,24.536509502052514,24.686685451304303,24.86989026506584,25.054286197891646,25.212255730313295,25.32481972681996,25.38369989462868,25.392540325974572,25.36745705691583,25.33695123890251,25.33935248714323,25.41618560274657,25.601023727049622,25.9077940182757,26.325400185575162,26.822187247550858,27.356958722774202,27.889344817828523,28.385785744316152,28.82098961359508,29.17693170789071,29.441050183988622,29.604548898233283,29.661132376947513,29.606237672309877,29.436688031318035,29.150791703352795,28.748915624841523,28.23466500960682,27.616883635307587,26.9127541111714,26.151813001225065,25.379914443015487,24.659635456318696,24.061573878134062,23.643594652657704,23.42673312694496,23.386937270598594,23.470694748512994,23.620501676671935,23.792678610425693,23.96285481771883,24.12373927062484,24.27996902532204,24.44253069113494,24.623464723440733,24.83147462176153,25.068953113679115,25.331118869327724,25.607125179565976,25.88256383232654,26.14225800590472,26.372661631754823,26.56343379732212,26.708322209364642,26.805460086341043,26.85728574084807,26.87010032164673,26.853238670298843,26.81780851062317,26.77502312023237,26.734438163104382,26.70248955619252,26.68192268386166,26.67225079914703,26.671190064228835,26.67640702210308,26.68703288961199,26.70429378116448,26.731198175460037,26.771214343696364,26.82660207426087,26.896817904472318,26.977878778857978,27.062691263346423,27.142485127762754,27.208547659363518,27.253996739116673,27.27493035943067,27.271032139164497,27.245421547572,27.203920576505695,27.153854031725004,27.10243120584021,27.055285215585076,27.01510020142889,26.98117780475581,26.949465596948123,26.913563954381857,26.865980060197586,26.79962947578368,26.709622937715565,26.594614722236756,26.458997009853633,26.313992337633493,26.178955157318285,26.080224320212725,26.04638990976106,26.101430822899655,26.253995012217967,26.493549248064934,26.792457213917544,27.110540571022092,27.414888001772812,27.66697564437438,27.860255310822808,27.971877358807625,28.034640545719817,28.04789778548848,28.087825849929086,28.181875913848017,28.41353667848214,28.808389005605196,29.363419933867142,30.0662377587425,30.84073796975279
